symbol,ctmString,open,close,high,low,vol,quoteId,datetime,rsiM1,signal,signal_price
NVD.DE,"May 6, 2024, 11:48:00 AM",829.4,829.7,829.7,829.4,14.0,6,2024-05-06 11:48:00,,HOLD,
NVD.DE,"May 6, 2024, 11:49:00 AM",829.8,829.8,829.9,829.7,15.0,6,2024-05-06 11:49:00,,HOLD,
NVD.DE,"May 6, 2024, 11:50:00 AM",829.9,830.0,830.3,829.9,20.0,6,2024-05-06 11:50:00,,HOLD,
NVD.DE,"May 6, 2024, 11:51:00 AM",830.2,829.8,830.3,829.8,12.0,6,2024-05-06 11:51:00,,HOLD,
NVD.DE,"May 6, 2024, 11:52:00 AM",829.9,830.0,830.0,829.7,13.0,6,2024-05-06 11:52:00,,HOLD,
NVD.DE,"May 6, 2024, 11:53:00 AM",829.9,830.1,830.1,829.9,13.0,6,2024-05-06 11:53:00,,HOLD,
NVD.DE,"May 6, 2024, 11:54:00 AM",830.1,830.2,830.2,830.1,16.0,6,2024-05-06 11:54:00,,HOLD,
NVD.DE,"May 6, 2024, 11:55:00 AM",830.2,830.0,830.3,829.9,22.0,6,2024-05-06 11:55:00,,HOLD,
NVD.DE,"May 6, 2024, 11:56:00 AM",829.9,829.9,829.9,829.9,8.0,6,2024-05-06 11:56:00,,HOLD,
NVD.DE,"May 6, 2024, 11:57:00 AM",829.9,829.8,829.9,829.8,3.0,6,2024-05-06 11:57:00,,HOLD,
NVD.DE,"May 6, 2024, 11:58:00 AM",829.9,829.5,830.2,829.3,23.0,6,2024-05-06 11:58:00,,HOLD,
NVD.DE,"May 6, 2024, 11:59:00 AM",829.6,829.6,829.7,829.6,7.0,6,2024-05-06 11:59:00,40.23204451025824,HOLD,
NVD.DE,"May 6, 2024, 12:00:00 PM",829.7,829.9,829.9,829.7,11.0,6,2024-05-06 12:00:00,53.97704626451165,HOLD,
NVD.DE,"May 6, 2024, 12:01:00 PM",829.7,829.7,829.9,829.6,11.0,6,2024-05-06 12:01:00,46.187651627750384,HOLD,
NVD.DE,"May 6, 2024, 12:02:00 PM",829.6,829.7,830.1,829.5,13.0,6,2024-05-06 12:02:00,46.18765162775039,HOLD,
NVD.DE,"May 6, 2024, 12:03:00 PM",829.7,830.0,830.0,829.7,10.0,6,2024-05-06 12:03:00,57.35681932546924,HOLD,
NVD.DE,"May 6, 2024, 12:04:00 PM",829.9,830.1,830.1,829.9,8.0,6,2024-05-06 12:04:00,60.37263950430092,HOLD,
NVD.DE,"May 6, 2024, 12:05:00 PM",830.0,830.2,830.2,830.0,13.0,6,2024-05-06 12:05:00,63.23291421245064,HOLD,
NVD.DE,"May 6, 2024, 12:06:00 PM",830.1,830.2,830.2,830.1,5.0,6,2024-05-06 12:06:00,63.232914212450616,HOLD,
NVD.DE,"May 6, 2024, 12:07:00 PM",830.3,830.3,830.4,830.2,10.0,6,2024-05-06 12:07:00,66.18611541393385,HOLD,
NVD.DE,"May 6, 2024, 12:08:00 PM",830.2,830.1,830.2,830.1,3.0,6,2024-05-06 12:08:00,56.2468417053662,HOLD,
NVD.DE,"May 6, 2024, 12:09:00 PM",830.2,830.2,830.2,830.1,11.0,6,2024-05-06 12:09:00,59.584901338757014,HOLD,
NVD.DE,"May 6, 2024, 12:10:00 PM",830.1,830.3,830.3,830.1,2.0,6,2024-05-06 12:10:00,62.71402596929898,HOLD,
NVD.DE,"May 6, 2024, 12:11:00 PM",830.2,829.8,830.3,829.7,8.0,6,2024-05-06 12:11:00,43.98405292559598,HOLD,
NVD.DE,"May 6, 2024, 12:12:00 PM",829.8,829.8,829.8,829.8,2.0,6,2024-05-06 12:12:00,43.984052925595975,HOLD,
NVD.DE,"May 6, 2024, 12:13:00 PM",829.9,829.9,829.9,829.8,8.0,6,2024-05-06 12:13:00,47.75971708243979,HOLD,
NVD.DE,"May 6, 2024, 12:14:00 PM",829.9,830.1,830.1,829.9,7.0,6,2024-05-06 12:14:00,54.50591785870646,HOLD,
NVD.DE,"May 6, 2024, 12:15:00 PM",830.4,830.3,830.4,830.2,6.0,6,2024-05-06 12:15:00,60.16460353733473,HOLD,
NVD.DE,"May 6, 2024, 12:16:00 PM",830.1,830.1,830.4,830.0,10.0,6,2024-05-06 12:16:00,52.923541811948205,HOLD,
NVD.DE,"May 6, 2024, 12:17:00 PM",830.2,830.2,830.3,830.1,10.0,6,2024-05-06 12:17:00,55.84628798525304,HOLD,
NVD.DE,"May 6, 2024, 12:18:00 PM",830.2,830.2,830.3,830.2,7.0,6,2024-05-06 12:18:00,55.846287985253035,HOLD,
NVD.DE,"May 6, 2024, 12:19:00 PM",830.3,830.2,830.4,830.2,5.0,6,2024-05-06 12:19:00,55.84628798525304,HOLD,
NVD.DE,"May 6, 2024, 12:20:00 PM",830.0,830.2,830.2,829.9,18.0,6,2024-05-06 12:20:00,55.846287985253035,HOLD,
NVD.DE,"May 6, 2024, 12:21:00 PM",830.1,830.0,830.1,829.9,10.0,6,2024-05-06 12:21:00,47.255375846421224,HOLD,
NVD.DE,"May 6, 2024, 12:22:00 PM",830.0,829.9,830.2,829.9,17.0,6,2024-05-06 12:22:00,43.569112414709,HOLD,
NVD.DE,"May 6, 2024, 12:23:00 PM",830.1,829.8,830.1,829.8,12.0,6,2024-05-06 12:23:00,40.12598176060074,HOLD,
NVD.DE,"May 6, 2024, 12:24:00 PM",829.7,830.0,830.3,829.7,19.0,6,2024-05-06 12:24:00,48.99386362324974,HOLD,
NVD.DE,"May 6, 2024, 12:25:00 PM",830.1,829.9,830.2,829.9,8.0,6,2024-05-06 12:25:00,45.303446744093506,HOLD,
NVD.DE,"May 6, 2024, 12:26:00 PM",830.0,830.0,830.0,829.9,3.0,6,2024-05-06 12:26:00,49.4886397261175,HOLD,
NVD.DE,"May 6, 2024, 12:27:00 PM",829.9,829.9,830.0,829.9,7.0,6,2024-05-06 12:27:00,45.64664245377806,HOLD,
NVD.DE,"May 6, 2024, 12:28:00 PM",830.0,830.2,830.2,829.9,7.0,6,2024-05-06 12:28:00,56.73164626850358,HOLD,
NVD.DE,"May 6, 2024, 12:29:00 PM",830.1,830.4,830.5,830.1,14.0,6,2024-05-06 12:29:00,62.3608921322991,HOLD,
NVD.DE,"May 6, 2024, 12:30:00 PM",830.3,830.4,830.5,830.3,11.0,6,2024-05-06 12:30:00,62.360892132299085,HOLD,
NVD.DE,"May 6, 2024, 12:31:00 PM",830.1,830.1,830.4,830.1,4.0,6,2024-05-06 12:31:00,50.44837236696642,HOLD,
NVD.DE,"May 6, 2024, 12:32:00 PM",830.3,830.3,830.3,830.3,10.0,6,2024-05-06 12:32:00,56.53691424483122,HOLD,
NVD.DE,"May 6, 2024, 12:33:00 PM",830.2,830.3,830.5,830.2,8.0,6,2024-05-06 12:33:00,56.536914244831216,HOLD,
NVD.DE,"May 6, 2024, 12:34:00 PM",830.4,830.3,830.4,830.1,17.0,6,2024-05-06 12:34:00,56.53691424483122,HOLD,
NVD.DE,"May 6, 2024, 12:35:00 PM",830.3,830.0,830.3,830.0,11.0,6,2024-05-06 12:35:00,45.39967742014004,HOLD,
NVD.DE,"May 6, 2024, 12:36:00 PM",829.9,830.2,830.2,829.9,16.0,6,2024-05-06 12:36:00,52.29161721104288,HOLD,
NVD.DE,"May 6, 2024, 12:37:00 PM",830.2,830.3,830.3,830.2,4.0,6,2024-05-06 12:37:00,55.38870680145256,HOLD,
NVD.DE,"May 6, 2024, 12:38:00 PM",830.2,830.0,830.2,829.9,9.0,6,2024-05-06 12:38:00,45.61645692440068,HOLD,
NVD.DE,"May 6, 2024, 12:39:00 PM",830.3,830.2,830.3,829.9,9.0,6,2024-05-06 12:39:00,51.84664700645229,HOLD,
NVD.DE,"May 6, 2024, 12:40:00 PM",830.2,829.8,830.2,829.8,15.0,6,2024-05-06 12:40:00,41.40998627088595,HOLD,
NVD.DE,"May 6, 2024, 12:41:00 PM",829.9,830.1,830.1,829.7,11.0,6,2024-05-06 12:41:00,49.75435134469014,HOLD,
NVD.DE,"May 6, 2024, 12:42:00 PM",829.9,830.1,830.1,829.9,9.0,6,2024-05-06 12:42:00,49.75435134469013,HOLD,
NVD.DE,"May 6, 2024, 12:43:00 PM",830.1,830.1,830.1,830.1,1.0,6,2024-05-06 12:43:00,49.75435134469014,HOLD,
NVD.DE,"May 6, 2024, 12:44:00 PM",830.1,830.1,830.1,830.1,17.0,6,2024-05-06 12:44:00,49.754351344690136,HOLD,
NVD.DE,"May 6, 2024, 12:45:00 PM",830.1,830.2,830.2,830.0,11.0,6,2024-05-06 12:45:00,53.01973802537254,HOLD,
NVD.DE,"May 6, 2024, 12:46:00 PM",830.1,830.3,830.3,830.1,15.0,6,2024-05-06 12:46:00,56.154158492845745,HOLD,
NVD.DE,"May 6, 2024, 12:47:00 PM",830.1,830.1,830.3,830.1,14.0,6,2024-05-06 12:47:00,48.96684448320541,HOLD,
NVD.DE,"May 6, 2024, 12:48:00 PM",830.1,830.2,830.3,830.1,9.0,6,2024-05-06 12:48:00,52.32310272822571,HOLD,
NVD.DE,"May 6, 2024, 12:49:00 PM",830.1,830.1,830.2,830.0,22.0,6,2024-05-06 12:49:00,48.793259152221864,HOLD,
NVD.DE,"May 6, 2024, 12:50:00 PM",830.1,829.9,830.1,829.8,18.0,6,2024-05-06 12:50:00,42.4873931620986,HOLD,
NVD.DE,"May 6, 2024, 12:51:00 PM",829.7,829.7,829.7,829.6,10.0,6,2024-05-06 12:51:00,37.19915859034132,HOLD,
NVD.DE,"May 6, 2024, 12:52:00 PM",829.8,829.8,829.9,829.8,12.0,6,2024-05-06 12:52:00,41.22282548849058,HOLD,
NVD.DE,"May 6, 2024, 12:54:00 PM",829.9,829.9,829.9,829.9,11.0,6,2024-05-06 12:54:00,45.09255390592851,HOLD,
NVD.DE,"May 6, 2024, 12:55:00 PM",829.8,829.9,829.9,829.8,3.0,6,2024-05-06 12:55:00,45.0925539059285,HOLD,
NVD.DE,"May 6, 2024, 12:56:00 PM",829.8,830.1,830.1,829.8,8.0,6,2024-05-06 12:56:00,52.63848347984751,HOLD,
NVD.DE,"May 6, 2024, 12:57:00 PM",829.9,830.0,830.0,829.9,6.0,6,2024-05-06 12:57:00,48.939331094222865,HOLD,
NVD.DE,"May 6, 2024, 12:58:00 PM",829.9,829.9,829.9,829.9,8.0,6,2024-05-06 12:58:00,45.427674465998145,HOLD,
NVD.DE,"May 6, 2024, 12:59:00 PM",829.9,830.0,830.0,829.9,6.0,6,2024-05-06 12:59:00,49.41999640803911,HOLD,
NVD.DE,"May 6, 2024, 1:00:00 PM",829.8,830.2,830.2,829.8,4.0,6,2024-05-06 13:00:00,56.4320176551513,HOLD,
NVD.DE,"May 6, 2024, 1:01:00 PM",830.4,830.2,830.4,830.2,10.0,6,2024-05-06 13:01:00,56.4320176551513,HOLD,
NVD.DE,"May 6, 2024, 1:02:00 PM",830.2,830.2,830.2,830.2,5.0,6,2024-05-06 13:02:00,56.43201765515129,HOLD,
NVD.DE,"May 6, 2024, 1:03:00 PM",830.2,830.2,830.2,830.2,2.0,6,2024-05-06 13:03:00,56.4320176551513,HOLD,
NVD.DE,"May 6, 2024, 1:04:00 PM",830.2,830.2,830.2,830.2,4.0,6,2024-05-06 13:04:00,56.43201765515129,HOLD,
NVD.DE,"May 6, 2024, 1:05:00 PM",830.2,830.2,830.2,830.2,5.0,6,2024-05-06 13:05:00,56.4320176551513,HOLD,
NVD.DE,"May 6, 2024, 1:06:00 PM",830.2,830.2,830.2,830.2,5.0,6,2024-05-06 13:06:00,56.4320176551513,HOLD,
NVD.DE,"May 6, 2024, 1:07:00 PM",829.8,829.4,829.8,829.4,11.0,6,2024-05-06 13:07:00,27.12268808091368,HOLD,
NVD.DE,"May 6, 2024, 1:08:00 PM",829.3,829.3,829.3,829.2,6.0,6,2024-05-06 13:08:00,25.314854536003253,HOLD,
NVD.DE,"May 6, 2024, 1:09:00 PM",829.1,829.2,829.2,829.0,17.0,6,2024-05-06 13:09:00,23.585576251495798,BUY,829.7
NVD.DE,"May 6, 2024, 1:10:00 PM",829.2,829.1,829.7,829.0,14.0,6,2024-05-06 13:10:00,21.937175349505065,HOLD,
NVD.DE,"May 6, 2024, 1:11:00 PM",829.3,829.1,829.4,829.0,13.0,6,2024-05-06 13:11:00,21.937175349505065,HOLD,
NVD.DE,"May 6, 2024, 1:12:00 PM",829.1,829.3,829.3,829.1,6.0,6,2024-05-06 13:12:00,33.23023374383236,HOLD,
NVD.DE,"May 6, 2024, 1:13:00 PM",829.1,829.2,829.3,829.1,7.0,6,2024-05-06 13:13:00,30.781091458013936,HOLD,
NVD.DE,"May 6, 2024, 1:14:00 PM",829.2,829.5,829.5,829.1,21.0,6,2024-05-06 13:14:00,44.32276199567483,HOLD,
NVD.DE,"May 6, 2024, 1:15:00 PM",829.1,828.1,829.5,828.1,52.0,6,2024-05-06 13:15:00,22.114257236113005,BUY,829.0
NVD.DE,"May 6, 2024, 1:16:00 PM",828.1,828.4,828.7,828.1,34.0,6,2024-05-06 13:16:00,30.341469738485813,HOLD,
NVD.DE,"May 6, 2024, 1:17:00 PM",828.5,828.1,828.6,827.7,24.0,6,2024-05-06 13:17:00,27.182947229743224,HOLD,
NVD.DE,"May 6, 2024, 1:18:00 PM",828.2,827.8,828.5,827.8,30.0,6,2024-05-06 13:18:00,24.39006279498225,BUY,828.3
NVD.DE,"May 6, 2024, 1:19:00 PM",827.9,828.1,828.3,827.8,27.0,6,2024-05-06 13:19:00,32.06766571235406,HOLD,
NVD.DE,"May 6, 2024, 1:20:00 PM",828.1,828.1,828.2,827.9,18.0,6,2024-05-06 13:20:00,32.06766571235406,HOLD,
NVD.DE,"May 6, 2024, 1:21:00 PM",828.1,828.4,828.6,828.0,21.0,6,2024-05-06 13:21:00,39.500949269085545,HOLD,
NVD.DE,"May 6, 2024, 1:22:00 PM",828.5,828.7,828.8,828.3,19.0,6,2024-05-06 13:22:00,46.00054338507142,HOLD,
NVD.DE,"May 6, 2024, 1:23:00 PM",828.7,829.3,829.5,828.6,27.0,6,2024-05-06 13:23:00,56.3235785227261,HOLD,
NVD.DE,"May 6, 2024, 1:24:00 PM",829.4,829.1,829.5,829.1,14.0,6,2024-05-06 13:24:00,52.634166200754954,HOLD,
NVD.DE,"May 6, 2024, 1:25:00 PM",828.8,828.7,829.2,828.5,27.0,6,2024-05-06 13:25:00,46.00452285328342,HOLD,
NVD.DE,"May 6, 2024, 1:26:00 PM",828.8,828.8,829.0,828.8,14.0,6,2024-05-06 13:26:00,47.812213008754,HOLD,
NVD.DE,"May 6, 2024, 1:27:00 PM",828.8,828.7,828.8,828.6,20.0,6,2024-05-06 13:27:00,46.114000276724504,HOLD,
NVD.DE,"May 6, 2024, 1:28:00 PM",828.7,829.2,829.2,828.6,25.0,6,2024-05-06 13:28:00,54.92035921958829,HOLD,
NVD.DE,"May 6, 2024, 1:29:00 PM",829.1,829.1,829.1,829.0,7.0,6,2024-05-06 13:29:00,53.014301012124534,HOLD,
NVD.DE,"May 6, 2024, 1:32:00 PM",828.3,828.3,828.3,828.3,1.0,6,2024-05-06 13:32:00,40.611178039389976,HOLD,
NVD.DE,"May 6, 2024, 1:33:00 PM",828.3,828.3,828.3,828.1,9.0,6,2024-05-06 13:33:00,40.611178039389976,HOLD,
NVD.DE,"May 6, 2024, 1:34:00 PM",828.2,828.2,828.3,828.1,9.0,6,2024-05-06 13:34:00,39.223219072862875,HOLD,
NVD.DE,"May 6, 2024, 1:35:00 PM",828.1,828.1,828.1,828.1,8.0,6,2024-05-06 13:35:00,37.80207103962668,HOLD,
NVD.DE,"May 6, 2024, 1:36:00 PM",828.1,828.1,828.3,828.1,14.0,6,2024-05-06 13:36:00,37.80207103962668,HOLD,
NVD.DE,"May 6, 2024, 1:37:00 PM",828.1,828.1,828.2,828.1,10.0,6,2024-05-06 13:37:00,37.80207103962668,HOLD,
NVD.DE,"May 6, 2024, 1:38:00 PM",828.1,828.4,828.4,828.1,7.0,6,2024-05-06 13:38:00,45.66327167337452,HOLD,
NVD.DE,"May 6, 2024, 1:39:00 PM",828.3,828.5,828.5,828.3,12.0,6,2024-05-06 13:39:00,48.06987098691626,HOLD,
NVD.DE,"May 6, 2024, 1:40:00 PM",828.5,828.3,828.5,828.2,12.0,6,2024-05-06 13:40:00,43.80185993013475,HOLD,
NVD.DE,"May 6, 2024, 1:41:00 PM",828.2,828.2,828.3,828.2,15.0,6,2024-05-06 13:41:00,41.76246473967084,HOLD,
NVD.DE,"May 6, 2024, 1:42:00 PM",828.2,828.3,828.4,828.2,10.0,6,2024-05-06 13:42:00,44.59981368060332,HOLD,
NVD.DE,"May 6, 2024, 1:43:00 PM",828.2,828.2,828.7,828.2,11.0,6,2024-05-06 13:43:00,42.33118769820685,HOLD,
NVD.DE,"May 6, 2024, 1:44:00 PM",828.2,828.5,828.5,828.2,12.0,6,2024-05-06 13:44:00,50.620042123228444,HOLD,
NVD.DE,"May 6, 2024, 1:45:00 PM",828.3,828.7,828.7,828.2,24.0,6,2024-05-06 13:45:00,55.32856647290195,HOLD,
NVD.DE,"May 6, 2024, 1:46:00 PM",828.6,828.9,828.9,828.6,12.0,6,2024-05-06 13:46:00,59.569274083847155,HOLD,
NVD.DE,"May 6, 2024, 1:47:00 PM",828.7,828.9,828.9,828.7,7.0,6,2024-05-06 13:47:00,59.569274083847155,HOLD,
NVD.DE,"May 6, 2024, 1:48:00 PM",828.8,829.2,829.3,828.8,20.0,6,2024-05-06 13:48:00,65.51161924466433,HOLD,
NVD.DE,"May 6, 2024, 1:49:00 PM",829.0,829.2,829.3,829.0,9.0,6,2024-05-06 13:49:00,65.51161924466435,HOLD,
NVD.DE,"May 6, 2024, 1:50:00 PM",829.1,828.5,829.2,828.5,15.0,6,2024-05-06 13:50:00,46.29920241645737,HOLD,
NVD.DE,"May 6, 2024, 1:51:00 PM",828.6,828.7,829.0,828.6,18.0,6,2024-05-06 13:51:00,50.83108770343912,HOLD,
NVD.DE,"May 6, 2024, 1:52:00 PM",828.7,829.0,829.1,828.7,13.0,6,2024-05-06 13:52:00,56.84082211835043,HOLD,
NVD.DE,"May 6, 2024, 1:53:00 PM",828.9,829.0,829.1,828.9,7.0,6,2024-05-06 13:53:00,56.84082211835043,HOLD,
NVD.DE,"May 6, 2024, 1:54:00 PM",829.1,829.0,829.1,828.9,8.0,6,2024-05-06 13:54:00,56.84082211835043,HOLD,
NVD.DE,"May 6, 2024, 1:55:00 PM",828.9,828.9,828.9,828.6,12.0,6,2024-05-06 13:55:00,53.917023934662396,HOLD,
NVD.DE,"May 6, 2024, 1:56:00 PM",828.9,829.0,829.1,828.8,12.0,6,2024-05-06 13:56:00,56.38486371343098,HOLD,
NVD.DE,"May 6, 2024, 1:57:00 PM",829.0,829.1,829.2,829.0,6.0,6,2024-05-06 13:57:00,58.811185613376374,HOLD,
NVD.DE,"May 6, 2024, 1:58:00 PM",829.0,829.2,829.2,829.0,13.0,6,2024-05-06 13:58:00,61.18632259290208,HOLD,
NVD.DE,"May 6, 2024, 1:59:00 PM",829.3,829.0,829.3,829.0,12.0,6,2024-05-06 13:59:00,54.297966125451794,HOLD,
NVD.DE,"May 6, 2024, 2:00:00 PM",828.9,828.5,829.1,828.5,29.0,6,2024-05-06 14:00:00,41.46164701485895,HOLD,
NVD.DE,"May 6, 2024, 2:01:00 PM",828.8,828.5,829.0,828.5,15.0,6,2024-05-06 14:01:00,41.461647014858954,HOLD,
NVD.DE,"May 6, 2024, 2:02:00 PM",828.6,828.6,828.6,828.6,2.0,6,2024-05-06 14:02:00,44.62940158398678,HOLD,
NVD.DE,"May 6, 2024, 2:03:00 PM",828.4,828.4,828.6,828.2,17.0,6,2024-05-06 14:03:00,39.88146596408185,HOLD,
NVD.DE,"May 6, 2024, 2:04:00 PM",828.3,828.2,828.4,828.2,12.0,6,2024-05-06 14:04:00,35.70330762045047,HOLD,
NVD.DE,"May 6, 2024, 2:05:00 PM",828.2,828.5,828.6,828.2,19.0,6,2024-05-06 14:05:00,45.1796274126919,HOLD,
NVD.DE,"May 6, 2024, 2:06:00 PM",828.6,828.7,828.7,828.4,10.0,6,2024-05-06 14:06:00,50.526781139154664,HOLD,
NVD.DE,"May 6, 2024, 2:07:00 PM",828.7,828.5,828.7,828.5,5.0,6,2024-05-06 14:07:00,45.630884308933645,HOLD,
NVD.DE,"May 6, 2024, 2:08:00 PM",828.6,828.6,828.7,828.2,14.0,6,2024-05-06 14:08:00,48.381793327902926,HOLD,
NVD.DE,"May 6, 2024, 2:09:00 PM",828.6,828.3,828.6,828.2,12.0,6,2024-05-06 14:09:00,41.45933664560426,HOLD,
NVD.DE,"May 6, 2024, 2:10:00 PM",828.4,828.2,828.4,828.2,11.0,6,2024-05-06 14:10:00,39.392693950848795,HOLD,
NVD.DE,"May 6, 2024, 2:11:00 PM",828.2,828.2,828.2,828.2,4.0,6,2024-05-06 14:11:00,39.392693950848795,HOLD,
NVD.DE,"May 6, 2024, 2:12:00 PM",828.2,828.2,828.2,828.2,11.0,6,2024-05-06 14:12:00,39.392693950848795,HOLD,
NVD.DE,"May 6, 2024, 2:13:00 PM",828.4,828.3,828.4,828.2,12.0,6,2024-05-06 14:13:00,43.16361590631736,HOLD,
NVD.DE,"May 6, 2024, 2:14:00 PM",828.4,828.4,828.5,828.3,15.0,6,2024-05-06 14:14:00,46.804368894406025,HOLD,
NVD.DE,"May 6, 2024, 2:15:00 PM",828.3,828.2,828.4,828.2,9.0,6,2024-05-06 14:15:00,41.023184459112684,HOLD,
NVD.DE,"May 6, 2024, 2:16:00 PM",828.3,828.2,828.3,828.2,12.0,6,2024-05-06 14:16:00,41.023184459112684,HOLD,
NVD.DE,"May 6, 2024, 2:17:00 PM",828.2,828.2,828.2,828.2,8.0,6,2024-05-06 14:17:00,41.02318445911268,HOLD,
NVD.DE,"May 6, 2024, 2:18:00 PM",828.3,828.3,828.3,828.2,13.0,6,2024-05-06 14:18:00,45.502913781504226,HOLD,
NVD.DE,"May 6, 2024, 2:19:00 PM",828.3,829.0,829.1,828.3,29.0,6,2024-05-06 14:19:00,65.61421360547718,HOLD,
NVD.DE,"May 6, 2024, 2:20:00 PM",829.2,829.5,829.5,829.2,15.0,6,2024-05-06 14:20:00,73.34343424258633,HOLD,
NVD.DE,"May 6, 2024, 2:21:00 PM",829.6,829.1,829.9,829.1,25.0,6,2024-05-06 14:21:00,61.231481136556084,HOLD,
NVD.DE,"May 6, 2024, 2:22:00 PM",829.0,829.6,829.7,829.0,25.0,6,2024-05-06 14:22:00,68.40556205787593,HOLD,
NVD.DE,"May 6, 2024, 2:23:00 PM",829.2,829.6,829.8,829.2,25.0,6,2024-05-06 14:23:00,68.40556205787593,HOLD,
NVD.DE,"May 6, 2024, 2:24:00 PM",829.6,829.7,829.8,829.6,12.0,6,2024-05-06 14:24:00,69.75977645034109,HOLD,
NVD.DE,"May 6, 2024, 2:25:00 PM",829.7,829.3,829.7,829.2,20.0,6,2024-05-06 14:25:00,58.69097082147995,HOLD,
NVD.DE,"May 6, 2024, 2:26:00 PM",829.4,829.4,829.5,829.3,12.0,6,2024-05-06 14:26:00,60.41810072693919,HOLD,
NVD.DE,"May 6, 2024, 2:27:00 PM",829.4,829.3,829.9,829.3,28.0,6,2024-05-06 14:27:00,57.761588442651316,HOLD,
NVD.DE,"May 6, 2024, 2:28:00 PM",829.4,829.0,829.6,829.0,23.0,6,2024-05-06 14:28:00,50.44252491576507,HOLD,
NVD.DE,"May 6, 2024, 2:29:00 PM",829.1,828.7,829.1,828.6,16.0,6,2024-05-06 14:29:00,44.27179915916768,HOLD,
NVD.DE,"May 6, 2024, 2:30:00 PM",828.8,828.7,829.0,828.6,19.0,6,2024-05-06 14:30:00,44.27179915916768,HOLD,
NVD.DE,"May 6, 2024, 2:31:00 PM",828.8,829.1,829.1,828.8,11.0,6,2024-05-06 14:31:00,53.45751670294054,HOLD,
NVD.DE,"May 6, 2024, 2:32:00 PM",829.2,829.5,829.6,829.0,16.0,6,2024-05-06 14:32:00,60.60108236322438,HOLD,
NVD.DE,"May 6, 2024, 2:33:00 PM",829.4,829.6,829.6,829.4,6.0,6,2024-05-06 14:33:00,62.1966967142117,HOLD,
NVD.DE,"May 6, 2024, 2:34:00 PM",829.5,829.5,829.6,829.5,6.0,6,2024-05-06 14:34:00,59.54407757070072,HOLD,
NVD.DE,"May 6, 2024, 2:35:00 PM",829.3,829.1,829.3,829.1,7.0,6,2024-05-06 14:35:00,50.13583495556114,HOLD,
NVD.DE,"May 6, 2024, 2:36:00 PM",829.0,829.2,829.4,829.0,18.0,6,2024-05-06 14:36:00,52.21227312333193,HOLD,
NVD.DE,"May 6, 2024, 2:37:00 PM",829.3,829.2,829.3,829.1,12.0,6,2024-05-06 14:37:00,52.21227312333194,HOLD,
NVD.DE,"May 6, 2024, 2:38:00 PM",829.2,829.1,829.3,829.0,16.0,6,2024-05-06 14:38:00,49.707668293470725,HOLD,
NVD.DE,"May 6, 2024, 2:39:00 PM",828.9,828.8,828.9,828.8,13.0,6,2024-05-06 14:39:00,42.914334768331685,HOLD,
NVD.DE,"May 6, 2024, 2:40:00 PM",828.9,828.9,828.9,828.5,18.0,6,2024-05-06 14:40:00,45.63843406798875,HOLD,
NVD.DE,"May 6, 2024, 2:41:00 PM",829.0,828.6,829.1,828.5,15.0,6,2024-05-06 14:41:00,39.4293267071667,HOLD,
NVD.DE,"May 6, 2024, 2:42:00 PM",828.6,829.0,829.0,828.6,18.0,6,2024-05-06 14:42:00,49.50508038107613,HOLD,
NVD.DE,"May 6, 2024, 2:43:00 PM",828.9,829.0,829.2,828.9,21.0,6,2024-05-06 14:43:00,49.50508038107613,HOLD,
NVD.DE,"May 6, 2024, 2:44:00 PM",829.1,829.0,829.1,828.7,12.0,6,2024-05-06 14:44:00,49.50508038107613,HOLD,
NVD.DE,"May 6, 2024, 2:45:00 PM",829.1,828.7,829.1,828.7,19.0,6,2024-05-06 14:45:00,42.45514985302492,HOLD,
NVD.DE,"May 6, 2024, 2:46:00 PM",829.0,828.6,829.0,828.5,12.0,6,2024-05-06 14:46:00,40.348308516385636,HOLD,
NVD.DE,"May 6, 2024, 2:47:00 PM",828.6,828.9,828.9,828.6,15.0,6,2024-05-06 14:47:00,48.74239936898246,HOLD,
NVD.DE,"May 6, 2024, 2:48:00 PM",828.7,828.6,828.9,828.5,12.0,6,2024-05-06 14:48:00,42.208876963698174,HOLD,
NVD.DE,"May 6, 2024, 2:49:00 PM",828.6,828.7,828.8,828.6,9.0,6,2024-05-06 14:49:00,44.91617460237141,HOLD,
NVD.DE,"May 6, 2024, 2:50:00 PM",828.8,828.9,829.0,828.8,14.0,6,2024-05-06 14:50:00,50.062791190763235,HOLD,
NVD.DE,"May 6, 2024, 2:51:00 PM",829.0,828.9,829.1,828.9,15.0,6,2024-05-06 14:51:00,50.06279119076323,HOLD,
NVD.DE,"May 6, 2024, 2:52:00 PM",829.0,829.0,829.1,828.9,13.0,6,2024-05-06 14:52:00,52.734547927907386,HOLD,
NVD.DE,"May 6, 2024, 2:53:00 PM",829.1,829.1,829.2,829.0,17.0,6,2024-05-06 14:53:00,55.361630120428714,HOLD,
NVD.DE,"May 6, 2024, 2:54:00 PM",829.1,828.7,829.1,828.7,12.0,6,2024-05-06 14:54:00,44.482952112216225,HOLD,
NVD.DE,"May 6, 2024, 2:55:00 PM",828.8,828.6,828.8,828.6,17.0,6,2024-05-06 14:55:00,42.20241446866816,HOLD,
NVD.DE,"May 6, 2024, 2:56:00 PM",828.6,827.9,828.6,827.9,19.0,6,2024-05-06 14:56:00,30.257808279639452,HOLD,
NVD.DE,"May 6, 2024, 2:57:00 PM",828.0,827.9,828.0,827.1,35.0,6,2024-05-06 14:57:00,30.257808279639445,HOLD,
NVD.DE,"May 6, 2024, 2:58:00 PM",827.9,827.9,828.0,827.8,11.0,6,2024-05-06 14:58:00,30.257808279639445,HOLD,
NVD.DE,"May 6, 2024, 2:59:00 PM",828.1,827.9,828.1,827.8,22.0,6,2024-05-06 14:59:00,30.257808279639438,HOLD,
NVD.DE,"May 6, 2024, 3:00:00 PM",827.7,827.5,827.7,827.4,9.0,6,2024-05-06 15:00:00,24.46474877226572,BUY,827.9
NVD.DE,"May 6, 2024, 3:01:00 PM",827.6,827.4,827.6,827.3,13.0,6,2024-05-06 15:01:00,23.241091656144487,HOLD,
NVD.DE,"May 6, 2024, 3:02:00 PM",827.4,827.2,827.4,827.1,19.0,6,2024-05-06 15:02:00,20.93720855286838,HOLD,
NVD.DE,"May 6, 2024, 3:03:00 PM",827.2,827.0,827.2,827.0,19.0,6,2024-05-06 15:03:00,18.87863157094038,HOLD,
NVD.DE,"May 6, 2024, 3:04:00 PM",827.2,827.3,827.3,827.2,6.0,6,2024-05-06 15:04:00,30.20199142693908,HOLD,
NVD.DE,"May 6, 2024, 3:05:00 PM",827.4,827.3,827.7,827.3,26.0,6,2024-05-06 15:05:00,30.201991426939077,HOLD,
NVD.DE,"May 6, 2024, 3:06:00 PM",827.3,827.4,827.4,827.2,20.0,6,2024-05-06 15:06:00,33.922138714755334,HOLD,
NVD.DE,"May 6, 2024, 3:07:00 PM",827.4,827.5,827.7,827.4,23.0,6,2024-05-06 15:07:00,37.58164189266985,HOLD,
NVD.DE,"May 6, 2024, 3:08:00 PM",827.6,827.9,827.9,827.6,23.0,6,2024-05-06 15:08:00,49.811536791607274,HOLD,
NVD.DE,"May 6, 2024, 3:09:00 PM",827.9,827.7,828.0,827.6,20.0,6,2024-05-06 15:09:00,44.96584454314466,HOLD,
NVD.DE,"May 6, 2024, 3:10:00 PM",827.6,827.6,827.9,827.4,24.0,6,2024-05-06 15:10:00,42.68216571908282,HOLD,
NVD.DE,"May 6, 2024, 3:11:00 PM",827.5,827.3,827.6,827.3,12.0,6,2024-05-06 15:11:00,36.55556339107439,HOLD,
NVD.DE,"May 6, 2024, 3:12:00 PM",827.4,827.2,827.4,827.2,15.0,6,2024-05-06 15:12:00,34.72779211712217,HOLD,
NVD.DE,"May 6, 2024, 3:13:00 PM",827.4,827.6,827.6,827.4,13.0,6,2024-05-06 15:13:00,46.498153861712495,HOLD,
NVD.DE,"May 6, 2024, 3:14:00 PM",827.6,827.5,827.7,827.4,18.0,6,2024-05-06 15:14:00,44.301254197182736,HOLD,
NVD.DE,"May 6, 2024, 3:15:00 PM",827.4,827.6,827.6,827.2,12.0,6,2024-05-06 15:15:00,47.053001460989435,HOLD,
NVD.DE,"May 6, 2024, 3:16:00 PM",827.6,827.5,827.6,827.4,18.0,6,2024-05-06 15:16:00,44.62772865985915,HOLD,
NVD.DE,"May 6, 2024, 3:17:00 PM",827.5,827.4,827.7,827.4,21.0,6,2024-05-06 15:17:00,42.233200525726986,HOLD,
NVD.DE,"May 6, 2024, 3:18:00 PM",827.5,827.2,827.6,827.2,23.0,6,2024-05-06 15:18:00,37.774240471208394,HOLD,
NVD.DE,"May 6, 2024, 3:19:00 PM",827.1,827.1,827.3,827.1,17.0,6,2024-05-06 15:19:00,35.70112190630904,HOLD,
NVD.DE,"May 6, 2024, 3:20:00 PM",827.2,827.0,827.2,827.0,8.0,6,2024-05-06 15:20:00,33.66855185496154,HOLD,
NVD.DE,"May 6, 2024, 3:21:00 PM",827.0,827.0,827.3,826.9,24.0,6,2024-05-06 15:21:00,33.66855185496154,HOLD,
NVD.DE,"May 6, 2024, 3:22:00 PM",827.1,827.3,827.4,827.0,20.0,6,2024-05-06 15:22:00,45.02918333529942,HOLD,
NVD.DE,"May 6, 2024, 3:23:00 PM",827.3,827.2,827.3,827.1,12.0,6,2024-05-06 15:23:00,42.36847508024717,HOLD,
NVD.DE,"May 6, 2024, 3:24:00 PM",827.1,826.6,827.2,826.5,29.0,6,2024-05-06 15:24:00,30.48126163751575,HOLD,
NVD.DE,"May 6, 2024, 3:25:00 PM",826.7,826.4,826.8,826.3,34.0,6,2024-05-06 15:25:00,27.638009229927754,HOLD,
NVD.DE,"May 6, 2024, 3:26:00 PM",826.5,827.1,827.1,826.3,28.0,6,2024-05-06 15:26:00,46.75832033736385,HOLD,
NVD.DE,"May 6, 2024, 3:27:00 PM",827.0,826.8,827.1,826.5,23.0,6,2024-05-06 15:27:00,41.57898286937128,HOLD,
NVD.DE,"May 6, 2024, 3:28:00 PM",826.6,826.3,826.8,825.8,31.0,6,2024-05-06 15:28:00,34.56058711576506,HOLD,
NVD.DE,"May 6, 2024, 3:29:00 PM",826.1,825.6,826.1,825.5,32.0,6,2024-05-06 15:29:00,27.430192459424806,HOLD,
NVD.DE,"May 6, 2024, 3:30:00 PM",825.6,825.7,825.7,825.3,48.0,6,2024-05-06 15:30:00,29.709097459360457,HOLD,
NVD.DE,"May 6, 2024, 3:31:00 PM",825.7,825.1,825.7,824.8,26.0,6,2024-05-06 15:31:00,24.608711317030924,BUY,825.5
NVD.DE,"May 6, 2024, 3:32:00 PM",825.1,825.3,825.7,825.1,22.0,6,2024-05-06 15:32:00,29.073428910497746,HOLD,
NVD.DE,"May 6, 2024, 3:33:00 PM",825.3,825.9,826.1,825.3,30.0,6,2024-05-06 15:33:00,40.668470501495214,HOLD,
NVD.DE,"May 6, 2024, 3:34:00 PM",825.9,826.2,826.3,825.8,31.0,6,2024-05-06 15:34:00,45.5630958435356,HOLD,
NVD.DE,"May 6, 2024, 3:35:00 PM",826.1,826.2,826.3,825.9,32.0,6,2024-05-06 15:35:00,45.5630958435356,HOLD,
NVD.DE,"May 6, 2024, 3:36:00 PM",826.1,826.2,826.2,825.8,23.0,6,2024-05-06 15:36:00,45.5630958435356,HOLD,
NVD.DE,"May 6, 2024, 3:37:00 PM",825.8,825.8,826.3,825.8,25.0,6,2024-05-06 15:37:00,39.74438841509048,HOLD,
NVD.DE,"May 6, 2024, 3:38:00 PM",825.7,826.1,826.2,825.6,27.0,6,2024-05-06 15:38:00,45.48769249223732,HOLD,
NVD.DE,"May 6, 2024, 3:39:00 PM",826.3,825.7,826.3,825.7,21.0,6,2024-05-06 15:39:00,39.908615046861044,HOLD,
NVD.DE,"May 6, 2024, 3:40:00 PM",825.7,826.8,827.1,825.7,55.0,6,2024-05-06 15:40:00,56.17021308882346,HOLD,
NVD.DE,"May 6, 2024, 3:41:00 PM",826.6,827.1,827.1,826.6,39.0,6,2024-05-06 15:41:00,59.46131912993721,HOLD,
NVD.DE,"May 6, 2024, 3:42:00 PM",827.1,827.3,827.4,827.0,26.0,6,2024-05-06 15:42:00,61.577069510649565,HOLD,
NVD.DE,"May 6, 2024, 3:43:00 PM",828.1,828.3,828.4,828.1,48.0,6,2024-05-06 15:43:00,70.14651224913584,HOLD,
NVD.DE,"May 6, 2024, 3:44:00 PM",828.4,828.7,828.7,828.3,27.0,6,2024-05-06 15:44:00,72.81432247855838,HOLD,
NVD.DE,"May 6, 2024, 3:45:00 PM",828.5,827.8,828.5,825.9,127.0,6,2024-05-06 15:45:00,59.62646804062123,HOLD,
NVD.DE,"May 6, 2024, 3:46:00 PM",827.7,827.1,829.6,826.4,111.0,6,2024-05-06 15:46:00,51.62665982495447,HOLD,
NVD.DE,"May 6, 2024, 3:47:00 PM",827.5,827.6,830.1,826.7,118.0,6,2024-05-06 15:47:00,56.239682645826655,HOLD,
NVD.DE,"May 6, 2024, 3:48:00 PM",828.1,831.6,831.6,828.1,112.0,6,2024-05-06 15:48:00,76.20679208961559,SELL,831.7
NVD.DE,"May 6, 2024, 3:49:00 PM",831.7,833.2,834.4,831.3,113.0,6,2024-05-06 15:49:00,80.1849543206002,HOLD,
NVD.DE,"May 6, 2024, 3:50:00 PM",833.1,833.3,834.7,832.6,123.0,6,2024-05-06 15:50:00,80.41013628704914,HOLD,
NVD.DE,"May 6, 2024, 3:51:00 PM",834.0,834.1,834.7,832.6,115.0,6,2024-05-06 15:51:00,82.19111202711287,HOLD,
NVD.DE,"May 6, 2024, 3:52:00 PM",834.0,836.7,837.1,834.0,93.0,6,2024-05-06 15:52:00,86.55947614574207,HOLD,
NVD.DE,"May 6, 2024, 3:53:00 PM",836.6,837.9,838.2,835.9,83.0,6,2024-05-06 15:53:00,88.04790063671417,HOLD,
NVD.DE,"May 6, 2024, 3:54:00 PM",837.7,836.1,838.3,835.5,112.0,6,2024-05-06 15:54:00,74.44503802519675,HOLD,
NVD.DE,"May 6, 2024, 3:55:00 PM",836.2,835.7,836.4,835.2,75.0,6,2024-05-06 15:55:00,71.73591865180904,HOLD,
NVD.DE,"May 6, 2024, 3:56:00 PM",835.9,835.8,836.5,835.2,94.0,6,2024-05-06 15:56:00,72.01596851223627,HOLD,
NVD.DE,"May 6, 2024, 3:57:00 PM",835.8,839.2,839.6,835.8,91.0,6,2024-05-06 15:57:00,79.58221791616498,SELL,839.3
NVD.DE,"May 6, 2024, 3:58:00 PM",839.3,838.9,840.4,838.6,98.0,6,2024-05-06 15:58:00,77.54718502808541,HOLD,
NVD.DE,"May 6, 2024, 3:59:00 PM",838.9,839.3,839.8,838.8,95.0,6,2024-05-06 15:59:00,78.35883261098971,HOLD,
NVD.DE,"May 6, 2024, 4:00:00 PM",839.3,838.9,841.0,838.9,120.0,6,2024-05-06 16:00:00,75.36213726164608,HOLD,
NVD.DE,"May 6, 2024, 4:01:00 PM",838.8,838.2,839.0,837.8,116.0,6,2024-05-06 16:01:00,70.19453951929219,HOLD,
NVD.DE,"May 6, 2024, 4:02:00 PM",838.2,839.3,839.4,837.5,100.0,6,2024-05-06 16:02:00,73.35297203045954,HOLD,
NVD.DE,"May 6, 2024, 4:03:00 PM",839.1,841.9,841.9,839.1,99.0,6,2024-05-06 16:03:00,79.10884878402608,SELL,842.0
NVD.DE,"May 6, 2024, 4:04:00 PM",842.0,842.4,842.4,841.3,81.0,6,2024-05-06 16:04:00,80.02172127044845,HOLD,
NVD.DE,"May 6, 2024, 4:05:00 PM",842.8,841.2,843.3,841.2,111.0,6,2024-05-06 16:05:00,71.74525660433368,HOLD,
NVD.DE,"May 6, 2024, 4:06:00 PM",841.2,843.9,844.5,841.2,112.0,6,2024-05-06 16:06:00,77.50389184939145,SELL,843.8
NVD.DE,"May 6, 2024, 4:07:00 PM",843.8,844.7,844.9,843.5,78.0,6,2024-05-06 16:07:00,78.90516634198322,HOLD,
NVD.DE,"May 6, 2024, 4:08:00 PM",845.0,846.7,846.7,844.9,75.0,6,2024-05-06 16:08:00,81.99018485411715,HOLD,
NVD.DE,"May 6, 2024, 4:09:00 PM",846.6,845.4,846.8,845.3,113.0,6,2024-05-06 16:09:00,74.22846132354596,HOLD,
NVD.DE,"May 6, 2024, 4:10:00 PM",845.5,845.2,845.9,845.0,118.0,6,2024-05-06 16:10:00,73.05803622401893,HOLD,
NVD.DE,"May 6, 2024, 4:11:00 PM",845.3,844.4,845.3,844.4,71.0,6,2024-05-06 16:11:00,68.3182109763273,HOLD,
NVD.DE,"May 6, 2024, 4:12:00 PM",844.5,846.5,846.5,844.1,97.0,6,2024-05-06 16:12:00,73.3168660028417,HOLD,
NVD.DE,"May 6, 2024, 4:13:00 PM",846.5,847.7,847.8,845.9,97.0,6,2024-05-06 16:13:00,75.72437805554324,SELL,848.0
NVD.DE,"May 6, 2024, 4:14:00 PM",848.0,848.9,848.9,848.0,69.0,6,2024-05-06 16:14:00,77.91616718514791,HOLD,
NVD.DE,"May 6, 2024, 4:15:00 PM",849.0,848.4,849.4,848.1,94.0,6,2024-05-06 16:15:00,74.81997845493065,HOLD,
NVD.DE,"May 6, 2024, 4:16:00 PM",848.5,848.4,850.0,848.1,93.0,6,2024-05-06 16:16:00,74.81997845493065,HOLD,
NVD.DE,"May 6, 2024, 4:17:00 PM",848.5,848.6,849.3,848.4,87.0,6,2024-05-06 16:17:00,75.29512531286704,SELL,848.4
NVD.DE,"May 6, 2024, 4:18:00 PM",848.4,846.6,848.8,846.5,78.0,6,2024-05-06 16:18:00,62.35260014831813,HOLD,
NVD.DE,"May 6, 2024, 4:19:00 PM",846.6,845.7,847.3,845.7,80.0,6,2024-05-06 16:19:00,57.46328733498762,HOLD,
NVD.DE,"May 6, 2024, 4:20:00 PM",845.4,846.1,846.6,845.2,90.0,6,2024-05-06 16:20:00,59.03375702466672,HOLD,
NVD.DE,"May 6, 2024, 4:21:00 PM",846.1,847.2,847.8,846.1,79.0,6,2024-05-06 16:21:00,63.14938196399708,HOLD,
NVD.DE,"May 6, 2024, 4:22:00 PM",847.4,846.2,847.5,845.8,91.0,6,2024-05-06 16:22:00,57.38433310208459,HOLD,
NVD.DE,"May 6, 2024, 4:23:00 PM",846.2,845.6,846.3,845.6,52.0,6,2024-05-06 16:23:00,54.123251241019894,HOLD,
NVD.DE,"May 6, 2024, 4:24:00 PM",845.5,846.1,846.7,845.5,76.0,6,2024-05-06 16:24:00,56.39478021589394,HOLD,
NVD.DE,"May 6, 2024, 4:25:00 PM",846.2,844.9,846.2,844.4,88.0,6,2024-05-06 16:25:00,49.8752717916371,HOLD,
NVD.DE,"May 6, 2024, 4:26:00 PM",845.0,843.2,845.0,843.2,102.0,6,2024-05-06 16:26:00,42.26177697046034,HOLD,
NVD.DE,"May 6, 2024, 4:27:00 PM",843.5,843.9,844.0,843.3,103.0,6,2024-05-06 16:27:00,45.995728668783876,HOLD,
NVD.DE,"May 6, 2024, 4:28:00 PM",844.1,844.2,844.5,843.4,92.0,6,2024-05-06 16:28:00,47.59347041615103,HOLD,
NVD.DE,"May 6, 2024, 4:29:00 PM",844.3,844.5,844.9,844.2,63.0,6,2024-05-06 16:29:00,49.245234369615474,HOLD,
NVD.DE,"May 6, 2024, 4:30:00 PM",844.5,844.1,845.0,844.0,46.0,6,2024-05-06 16:30:00,47.06936727143528,HOLD,
NVD.DE,"May 6, 2024, 4:31:00 PM",844.5,843.3,844.6,843.0,65.0,6,2024-05-06 16:31:00,42.8993176603761,HOLD,
NVD.DE,"May 6, 2024, 4:32:00 PM",843.7,843.2,844.2,843.0,53.0,6,2024-05-06 16:32:00,42.38302316918118,HOLD,
NVD.DE,"May 6, 2024, 4:33:00 PM",843.1,843.1,843.2,842.8,61.0,6,2024-05-06 16:33:00,41.82926515200985,HOLD,
NVD.DE,"May 6, 2024, 4:34:00 PM",843.2,842.4,843.2,842.1,88.0,6,2024-05-06 16:34:00,38.0057075066592,HOLD,
NVD.DE,"May 6, 2024, 4:35:00 PM",842.5,843.0,843.1,842.2,85.0,6,2024-05-06 16:35:00,42.92475574408192,HOLD,
NVD.DE,"May 6, 2024, 4:36:00 PM",843.0,845.6,845.8,843.0,73.0,6,2024-05-06 16:36:00,58.58770275582885,HOLD,
NVD.DE,"May 6, 2024, 4:37:00 PM",845.8,845.4,845.9,845.0,77.0,6,2024-05-06 16:37:00,57.25812974385681,HOLD,
NVD.DE,"May 6, 2024, 4:38:00 PM",845.2,846.3,846.6,845.0,91.0,6,2024-05-06 16:38:00,61.57460504854506,HOLD,
NVD.DE,"May 6, 2024, 4:39:00 PM",846.3,846.7,846.8,846.2,82.0,6,2024-05-06 16:39:00,63.382505570399054,HOLD,
NVD.DE,"May 6, 2024, 4:40:00 PM",846.5,845.9,846.8,845.4,76.0,6,2024-05-06 16:40:00,57.43722542690287,HOLD,
NVD.DE,"May 6, 2024, 4:41:00 PM",845.9,845.1,846.0,844.8,61.0,6,2024-05-06 16:41:00,52.065142963059785,HOLD,
NVD.DE,"May 6, 2024, 4:42:00 PM",845.1,845.1,845.2,844.2,58.0,6,2024-05-06 16:42:00,52.06514296305978,HOLD,
NVD.DE,"May 6, 2024, 4:43:00 PM",845.3,845.7,846.3,845.3,59.0,6,2024-05-06 16:43:00,55.81544572718865,HOLD,
NVD.DE,"May 6, 2024, 4:44:00 PM",845.6,846.0,846.0,845.0,52.0,6,2024-05-06 16:44:00,57.63829602711033,HOLD,
NVD.DE,"May 6, 2024, 4:45:00 PM",846.3,846.1,847.0,846.0,74.0,6,2024-05-06 16:45:00,58.26955128830684,HOLD,
NVD.DE,"May 6, 2024, 4:46:00 PM",846.0,847.0,847.1,845.4,85.0,6,2024-05-06 16:46:00,63.63440067163384,HOLD,
NVD.DE,"May 6, 2024, 4:47:00 PM",846.7,846.0,847.1,845.8,64.0,6,2024-05-06 16:47:00,54.99337958813311,HOLD,
NVD.DE,"May 6, 2024, 4:48:00 PM",845.8,845.2,846.1,845.2,63.0,6,2024-05-06 16:48:00,49.1233081699288,HOLD,
NVD.DE,"May 6, 2024, 4:49:00 PM",845.2,846.4,846.4,845.2,59.0,6,2024-05-06 16:49:00,56.74204398256504,HOLD,
NVD.DE,"May 6, 2024, 4:50:00 PM",846.3,846.2,846.5,845.6,69.0,6,2024-05-06 16:50:00,55.22587336028467,HOLD,
NVD.DE,"May 6, 2024, 4:51:00 PM",846.2,846.0,847.0,845.9,67.0,6,2024-05-06 16:51:00,53.64899787840453,HOLD,
NVD.DE,"May 6, 2024, 4:52:00 PM",846.1,847.9,848.0,845.9,58.0,6,2024-05-06 16:52:00,64.30092264190505,HOLD,
NVD.DE,"May 6, 2024, 4:53:00 PM",848.0,848.0,848.3,847.7,68.0,6,2024-05-06 16:53:00,64.76965500761958,HOLD,
NVD.DE,"May 6, 2024, 4:54:00 PM",848.1,848.0,848.1,847.6,45.0,6,2024-05-06 16:54:00,64.76965500761958,HOLD,
NVD.DE,"May 6, 2024, 4:55:00 PM",848.0,847.8,848.3,847.7,53.0,6,2024-05-06 16:55:00,62.77499000136054,HOLD,
NVD.DE,"May 6, 2024, 4:56:00 PM",848.1,848.4,848.4,848.1,17.0,6,2024-05-06 16:56:00,66.20908479564149,HOLD,
NVD.DE,"May 6, 2024, 4:57:00 PM",848.3,848.7,849.4,848.3,70.0,6,2024-05-06 16:57:00,67.84080365401736,HOLD,
NVD.DE,"May 6, 2024, 4:58:00 PM",849.0,848.1,849.2,848.1,57.0,6,2024-05-06 16:58:00,61.32584586394071,HOLD,
NVD.DE,"May 6, 2024, 4:59:00 PM",848.1,847.9,848.2,847.4,63.0,6,2024-05-06 16:59:00,59.239884520198764,HOLD,
NVD.DE,"May 6, 2024, 5:00:00 PM",847.9,847.3,848.1,846.7,71.0,6,2024-05-06 17:00:00,53.261423298668134,HOLD,
NVD.DE,"May 6, 2024, 5:01:00 PM",847.3,847.6,847.7,847.2,65.0,6,2024-05-06 17:01:00,55.719258648070415,HOLD,
NVD.DE,"May 6, 2024, 5:02:00 PM",847.7,847.4,848.3,847.2,53.0,6,2024-05-06 17:02:00,53.65030425024222,HOLD,
NVD.DE,"May 6, 2024, 5:03:00 PM",847.3,848.4,848.5,847.3,48.0,6,2024-05-06 17:03:00,61.510758301099216,HOLD,
NVD.DE,"May 6, 2024, 5:04:00 PM",848.5,847.8,848.5,847.7,19.0,6,2024-05-06 17:04:00,55.31893580162261,HOLD,
NVD.DE,"May 6, 2024, 5:05:00 PM",847.8,847.5,847.8,847.1,67.0,6,2024-05-06 17:05:00,52.4169084008186,HOLD,
NVD.DE,"May 6, 2024, 5:06:00 PM",847.3,847.2,847.5,846.6,59.0,6,2024-05-06 17:06:00,49.55716646620247,HOLD,
NVD.DE,"May 6, 2024, 5:07:00 PM",847.3,848.9,849.1,847.3,57.0,6,2024-05-06 17:07:00,62.358225095953244,HOLD,
NVD.DE,"May 6, 2024, 5:08:00 PM",849.0,848.1,849.1,848.1,47.0,6,2024-05-06 17:08:00,55.11768251312346,HOLD,
NVD.DE,"May 6, 2024, 5:09:00 PM",848.0,846.6,848.1,846.6,67.0,6,2024-05-06 17:09:00,44.46835095855406,HOLD,
NVD.DE,"May 6, 2024, 5:10:00 PM",846.1,846.9,847.0,846.1,51.0,6,2024-05-06 17:10:00,46.73255692706151,HOLD,
NVD.DE,"May 6, 2024, 5:11:00 PM",847.0,847.2,847.2,846.9,46.0,6,2024-05-06 17:11:00,49.0190806353915,HOLD,
NVD.DE,"May 6, 2024, 5:12:00 PM",847.2,846.5,847.2,846.4,44.0,6,2024-05-06 17:12:00,44.154369909867086,HOLD,
NVD.DE,"May 6, 2024, 5:13:00 PM",846.4,845.5,846.4,845.4,38.0,6,2024-05-06 17:13:00,38.197460513353285,HOLD,
NVD.DE,"May 6, 2024, 5:14:00 PM",845.4,845.2,845.6,845.1,64.0,6,2024-05-06 17:14:00,36.569369369619395,HOLD,
NVD.DE,"May 6, 2024, 5:15:00 PM",845.2,845.6,846.3,845.2,48.0,6,2024-05-06 17:15:00,40.30135626234505,HOLD,
NVD.DE,"May 6, 2024, 5:16:00 PM",845.7,845.5,845.7,844.7,58.0,6,2024-05-06 17:16:00,39.65966981258314,HOLD,
NVD.DE,"May 6, 2024, 5:17:00 PM",845.8,846.9,846.9,845.8,60.0,6,2024-05-06 17:17:00,51.541731871535816,HOLD,
NVD.DE,"May 6, 2024, 5:18:00 PM",847.0,846.1,847.0,845.7,67.0,6,2024-05-06 17:18:00,45.86474658405189,HOLD,
NVD.DE,"May 6, 2024, 5:19:00 PM",846.2,846.1,846.6,846.1,51.0,6,2024-05-06 17:19:00,45.86474658405191,HOLD,
NVD.DE,"May 6, 2024, 5:20:00 PM",846.2,846.1,846.5,845.7,57.0,6,2024-05-06 17:20:00,45.8647465840519,HOLD,
NVD.DE,"May 6, 2024, 5:21:00 PM",846.2,845.8,846.2,845.4,48.0,6,2024-05-06 17:21:00,43.47470880244118,HOLD,
NVD.DE,"May 6, 2024, 5:22:00 PM",846.0,847.2,847.2,845.9,80.0,6,2024-05-06 17:22:00,55.40414088513736,HOLD,
NVD.DE,"May 6, 2024, 5:23:00 PM",847.3,847.4,847.5,847.1,41.0,6,2024-05-06 17:23:00,56.83565859322019,HOLD,
NVD.DE,"May 6, 2024, 5:24:00 PM",847.3,847.7,847.7,847.1,50.0,6,2024-05-06 17:24:00,59.006846744630636,HOLD,
NVD.DE,"May 6, 2024, 5:25:00 PM",847.8,847.9,848.3,847.8,44.0,6,2024-05-06 17:25:00,60.465169487539555,HOLD,
NVD.DE,"May 6, 2024, 5:26:00 PM",848.0,848.1,848.2,847.8,55.0,6,2024-05-06 17:26:00,61.953995878046065,HOLD,
NVD.DE,"May 6, 2024, 5:27:00 PM",848.1,848.3,848.3,847.4,56.0,6,2024-05-06 17:27:00,63.46734154926636,HOLD,
NVD.DE,"May 6, 2024, 5:28:00 PM",848.4,848.2,849.0,848.2,77.0,6,2024-05-06 17:28:00,62.108579604546385,HOLD,
NVD.DE,"May 6, 2024, 5:29:00 PM",848.3,848.2,848.3,847.7,64.0,6,2024-05-06 17:29:00,62.10857960454637,HOLD,
NVD.DE,"May 6, 2024, 5:30:00 PM",848.3,848.3,848.7,848.2,53.0,6,2024-05-06 17:30:00,63.06536008624537,HOLD,
NVD.DE,"May 6, 2024, 5:31:00 PM",848.4,848.5,848.5,848.0,35.0,6,2024-05-06 17:31:00,65.00914690764914,HOLD,
NVD.DE,"May 6, 2024, 5:32:00 PM",848.4,848.2,848.5,848.1,51.0,6,2024-05-06 17:32:00,59.81505957122613,HOLD,
NVD.DE,"May 6, 2024, 5:33:00 PM",848.3,848.7,848.7,848.3,37.0,6,2024-05-06 17:33:00,64.94926606647111,HOLD,
NVD.DE,"May 6, 2024, 5:34:00 PM",848.6,848.9,848.9,848.5,36.0,6,2024-05-06 17:34:00,66.81481612815102,HOLD,
NVD.DE,"May 6, 2024, 5:35:00 PM",848.8,848.6,849.2,848.6,58.0,6,2024-05-06 17:35:00,61.420834664370965,HOLD,
NVD.DE,"May 6, 2024, 5:36:00 PM",848.6,848.0,848.8,847.7,41.0,6,2024-05-06 17:36:00,52.15734123728807,HOLD,
NVD.DE,"May 6, 2024, 5:37:00 PM",848.1,849.3,849.5,848.1,66.0,6,2024-05-06 17:37:00,64.80745744996256,HOLD,
NVD.DE,"May 6, 2024, 5:38:00 PM",849.4,849.9,849.9,849.3,14.0,6,2024-05-06 17:38:00,68.97256031694747,HOLD,
NVD.DE,"May 6, 2024, 5:39:00 PM",850.0,851.0,851.2,850.0,28.0,6,2024-05-06 17:39:00,74.95113056313939,HOLD,
NVD.DE,"May 6, 2024, 5:40:00 PM",851.0,850.7,851.4,850.6,78.0,6,2024-05-06 17:40:00,70.85527316476097,HOLD,
NVD.DE,"May 6, 2024, 5:41:00 PM",850.7,850.5,851.2,850.3,61.0,6,2024-05-06 17:41:00,68.12519051115159,HOLD,
NVD.DE,"May 6, 2024, 5:42:00 PM",850.5,851.2,851.2,850.4,55.0,6,2024-05-06 17:42:00,72.24275745497906,HOLD,
NVD.DE,"May 6, 2024, 5:43:00 PM",851.0,850.5,851.1,850.4,50.0,6,2024-05-06 17:43:00,63.25446956227512,HOLD,
NVD.DE,"May 6, 2024, 5:44:00 PM",850.5,850.9,851.1,850.3,59.0,6,2024-05-06 17:44:00,65.91973381601602,HOLD,
NVD.DE,"May 7, 2024, 9:19:00 AM",850.2,849.2,850.2,849.2,25.0,6,2024-05-07 09:19:00,49.22719315959944,HOLD,
NVD.DE,"May 7, 2024, 9:20:00 AM",849.6,849.6,850.0,849.6,12.0,6,2024-05-07 09:20:00,52.35019257251319,HOLD,
NVD.DE,"May 7, 2024, 9:21:00 AM",849.5,849.5,849.5,849.5,7.0,6,2024-05-07 09:21:00,51.47941541087337,HOLD,
NVD.DE,"May 7, 2024, 9:22:00 AM",849.3,849.3,849.3,849.3,7.0,6,2024-05-07 09:22:00,49.66207498005776,HOLD,
NVD.DE,"May 7, 2024, 9:23:00 AM",850.0,849.9,850.0,849.8,11.0,6,2024-05-07 09:23:00,54.91443122531989,HOLD,
NVD.DE,"May 7, 2024, 9:24:00 AM",850.1,850.2,850.2,850.1,9.0,6,2024-05-07 09:24:00,57.36137902639191,HOLD,
NVD.DE,"May 7, 2024, 9:25:00 AM",850.2,850.3,850.3,850.2,10.0,6,2024-05-07 09:25:00,58.19334206709529,HOLD,
NVD.DE,"May 7, 2024, 9:26:00 AM",850.3,850.2,850.3,850.2,9.0,6,2024-05-07 09:26:00,56.97057379286034,HOLD,
NVD.DE,"May 7, 2024, 9:27:00 AM",850.2,850.2,850.2,850.2,2.0,6,2024-05-07 09:27:00,56.97057379286035,HOLD,
NVD.DE,"May 7, 2024, 9:28:00 AM",850.1,850.1,850.1,850.1,6.0,6,2024-05-07 09:28:00,55.55802635349261,HOLD,
NVD.DE,"May 7, 2024, 9:29:00 AM",850.1,850.1,850.1,850.1,6.0,6,2024-05-07 09:29:00,55.5580263534926,HOLD,
NVD.DE,"May 7, 2024, 9:30:00 AM",850.0,850.1,850.1,850.0,3.0,6,2024-05-07 09:30:00,55.55802635349261,HOLD,
NVD.DE,"May 7, 2024, 9:31:00 AM",850.1,850.1,850.1,850.1,1.0,6,2024-05-07 09:31:00,55.55802635349259,HOLD,
NVD.DE,"May 7, 2024, 9:32:00 AM",850.6,850.0,850.6,850.0,7.0,6,2024-05-07 09:32:00,53.61184225267742,HOLD,
NVD.DE,"May 7, 2024, 9:33:00 AM",850.0,849.4,850.0,849.4,5.0,6,2024-05-07 09:33:00,43.54450901380011,HOLD,
NVD.DE,"May 7, 2024, 9:34:00 AM",849.4,849.3,849.4,849.3,5.0,6,2024-05-07 09:34:00,42.095307321082295,HOLD,
NVD.DE,"May 7, 2024, 9:35:00 AM",849.0,849.4,849.4,849.0,6.0,6,2024-05-07 09:35:00,44.14027711126618,HOLD,
NVD.DE,"May 7, 2024, 9:36:00 AM",849.4,849.5,849.5,849.4,5.0,6,2024-05-07 09:36:00,46.229153284216885,HOLD,
NVD.DE,"May 7, 2024, 9:38:00 AM",849.4,849.4,849.4,849.4,5.0,6,2024-05-07 09:38:00,44.402670048162804,HOLD,
NVD.DE,"May 7, 2024, 9:39:00 AM",849.4,849.4,849.4,849.4,2.0,6,2024-05-07 09:39:00,44.402670048162804,HOLD,
NVD.DE,"May 7, 2024, 9:41:00 AM",849.4,849.4,849.4,849.4,6.0,6,2024-05-07 09:41:00,44.40267004816281,HOLD,
NVD.DE,"May 7, 2024, 9:42:00 AM",849.5,849.2,849.5,849.2,10.0,6,2024-05-07 09:42:00,40.17709046554353,HOLD,
NVD.DE,"May 7, 2024, 9:44:00 AM",849.1,849.4,849.4,849.1,8.0,6,2024-05-07 09:44:00,45.846010617511745,HOLD,
NVD.DE,"May 7, 2024, 9:45:00 AM",849.1,849.2,849.2,849.1,6.0,6,2024-05-07 09:45:00,41.51823824377476,HOLD,
NVD.DE,"May 7, 2024, 9:46:00 AM",849.3,849.2,849.3,849.2,3.0,6,2024-05-07 09:46:00,41.51823824377476,HOLD,
NVD.DE,"May 7, 2024, 9:47:00 AM",849.5,849.5,849.5,849.5,4.0,6,2024-05-07 09:47:00,50.07244575266984,HOLD,
NVD.DE,"May 7, 2024, 9:48:00 AM",849.2,849.2,849.2,849.2,3.0,6,2024-05-07 09:48:00,43.13249209315948,HOLD,
NVD.DE,"May 7, 2024, 9:49:00 AM",849.3,849.3,849.3,849.3,2.0,6,2024-05-07 09:49:00,45.88269873883691,HOLD,
NVD.DE,"May 7, 2024, 9:50:00 AM",849.2,849.3,849.3,849.2,6.0,6,2024-05-07 09:50:00,45.88269873883691,HOLD,
NVD.DE,"May 7, 2024, 9:51:00 AM",849.3,849.4,849.4,849.3,3.0,6,2024-05-07 09:51:00,48.87444356466146,HOLD,
NVD.DE,"May 7, 2024, 9:52:00 AM",849.3,849.3,849.3,849.3,9.0,6,2024-05-07 09:52:00,46.07272199205711,HOLD,
NVD.DE,"May 7, 2024, 9:53:00 AM",849.3,848.2,849.3,848.2,16.0,6,2024-05-07 09:53:00,27.203517740515107,HOLD,
NVD.DE,"May 7, 2024, 9:54:00 AM",848.2,848.4,848.4,848.2,9.0,6,2024-05-07 09:54:00,32.71487745810105,HOLD,
NVD.DE,"May 7, 2024, 9:55:00 AM",848.4,848.4,848.4,848.4,1.0,6,2024-05-07 09:55:00,32.71487745810105,HOLD,
NVD.DE,"May 7, 2024, 9:56:00 AM",848.5,848.6,848.7,848.5,9.0,6,2024-05-07 09:56:00,38.36146472551857,HOLD,
NVD.DE,"May 7, 2024, 9:57:00 AM",848.7,848.7,848.8,848.4,13.0,6,2024-05-07 09:57:00,41.08094228168017,HOLD,
NVD.DE,"May 7, 2024, 9:58:00 AM",848.7,848.7,848.7,848.7,6.0,6,2024-05-07 09:58:00,41.08094228168018,HOLD,
NVD.DE,"May 7, 2024, 9:59:00 AM",848.7,848.7,848.7,848.7,7.0,6,2024-05-07 09:59:00,41.08094228168017,HOLD,
NVD.DE,"May 7, 2024, 10:00:00 AM",848.7,848.7,848.7,848.7,9.0,6,2024-05-07 10:00:00,41.08094228168017,HOLD,
NVD.DE,"May 7, 2024, 10:01:00 AM",848.7,848.5,848.7,848.3,9.0,6,2024-05-07 10:01:00,36.38084653073091,HOLD,
NVD.DE,"May 7, 2024, 10:02:00 AM",848.7,848.7,848.7,848.7,6.0,6,2024-05-07 10:02:00,43.49242002371616,HOLD,
NVD.DE,"May 7, 2024, 10:03:00 AM",848.7,848.8,848.8,848.7,4.0,6,2024-05-07 10:03:00,46.76533718743714,HOLD,
NVD.DE,"May 7, 2024, 10:04:00 AM",848.9,848.9,848.9,848.9,4.0,6,2024-05-07 10:04:00,49.95387413802604,HOLD,
NVD.DE,"May 7, 2024, 10:05:00 AM",848.7,848.5,848.7,848.4,10.0,6,2024-05-07 10:05:00,39.53479922346302,HOLD,
NVD.DE,"May 7, 2024, 10:07:00 AM",848.3,848.5,848.5,848.3,42.0,6,2024-05-07 10:07:00,39.53479922346301,HOLD,
NVD.DE,"May 7, 2024, 10:08:00 AM",847.7,848.2,848.2,847.7,2.0,6,2024-05-07 10:08:00,33.24261049892809,HOLD,
NVD.DE,"May 7, 2024, 10:09:00 AM",847.7,847.8,848.4,847.7,9.0,6,2024-05-07 10:09:00,26.951391339155514,HOLD,
NVD.DE,"May 7, 2024, 10:10:00 AM",847.9,847.9,847.9,847.9,1.0,6,2024-05-07 10:10:00,30.56507678677914,HOLD,
NVD.DE,"May 7, 2024, 10:11:00 AM",847.9,847.9,847.9,847.9,2.0,6,2024-05-07 10:11:00,30.565076786779148,HOLD,
NVD.DE,"May 7, 2024, 10:12:00 AM",847.8,848.2,848.2,847.8,12.0,6,2024-05-07 10:12:00,41.13562601497847,HOLD,
NVD.DE,"May 7, 2024, 10:13:00 AM",848.2,848.5,848.6,848.2,21.0,6,2024-05-07 10:13:00,49.5791283526209,HOLD,
NVD.DE,"May 7, 2024, 10:14:00 AM",848.6,848.1,848.6,848.1,3.0,6,2024-05-07 10:14:00,40.961670307153966,HOLD,
NVD.DE,"May 7, 2024, 10:15:00 AM",847.9,848.4,848.4,847.7,13.0,6,2024-05-07 10:15:00,48.36576532267151,HOLD,
NVD.DE,"May 7, 2024, 10:16:00 AM",848.0,847.5,848.3,847.5,34.0,6,2024-05-07 10:16:00,34.208349642141165,HOLD,
NVD.DE,"May 7, 2024, 10:17:00 AM",846.9,844.1,846.9,844.1,8.0,6,2024-05-07 10:17:00,15.434222221574453,BUY,846.0
NVD.DE,"May 7, 2024, 10:18:00 AM",844.0,845.8,845.8,844.0,24.0,6,2024-05-07 10:18:00,35.04181261540553,HOLD,
NVD.DE,"May 7, 2024, 10:19:00 AM",846.7,848.0,848.1,846.7,27.0,6,2024-05-07 10:19:00,51.16154812594502,HOLD,
NVD.DE,"May 7, 2024, 10:20:00 AM",847.8,847.0,847.8,846.7,22.0,6,2024-05-07 10:20:00,45.51424197323906,HOLD,
NVD.DE,"May 7, 2024, 10:21:00 AM",846.8,846.3,846.9,846.0,27.0,6,2024-05-07 10:21:00,41.94884124526129,HOLD,
NVD.DE,"May 7, 2024, 10:22:00 AM",846.6,847.6,847.6,846.5,21.0,6,2024-05-07 10:22:00,49.95715411383133,HOLD,
NVD.DE,"May 7, 2024, 10:23:00 AM",847.8,846.5,847.8,846.5,20.0,6,2024-05-07 10:23:00,44.27247496226974,HOLD,
NVD.DE,"May 7, 2024, 10:24:00 AM",847.1,847.6,847.6,846.5,15.0,6,2024-05-07 10:24:00,50.471915321178685,HOLD,
NVD.DE,"May 7, 2024, 10:25:00 AM",847.4,847.3,847.6,847.2,21.0,6,2024-05-07 10:25:00,48.841882388549536,HOLD,
NVD.DE,"May 7, 2024, 10:26:00 AM",847.3,847.2,847.4,847.1,15.0,6,2024-05-07 10:26:00,48.27027504847517,HOLD,
NVD.DE,"May 7, 2024, 10:27:00 AM",847.3,847.3,847.4,847.2,21.0,6,2024-05-07 10:27:00,48.92775578152356,HOLD,
NVD.DE,"May 7, 2024, 10:28:00 AM",847.4,847.4,847.5,847.4,10.0,6,2024-05-07 10:28:00,49.6319471678552,HOLD,
NVD.DE,"May 7, 2024, 10:29:00 AM",847.4,847.4,847.6,847.4,12.0,6,2024-05-07 10:29:00,49.63194716785521,HOLD,
NVD.DE,"May 7, 2024, 10:30:00 AM",847.4,847.4,847.5,847.3,15.0,6,2024-05-07 10:30:00,49.631947167855216,HOLD,
NVD.DE,"May 7, 2024, 10:31:00 AM",847.5,847.6,847.7,847.3,21.0,6,2024-05-07 10:31:00,51.415205206018406,HOLD,
NVD.DE,"May 7, 2024, 10:32:00 AM",847.6,848.1,848.1,847.5,25.0,6,2024-05-07 10:32:00,55.72584743847791,HOLD,
NVD.DE,"May 7, 2024, 10:33:00 AM",848.2,848.4,848.9,848.2,22.0,6,2024-05-07 10:33:00,58.175030116481935,HOLD,
NVD.DE,"May 7, 2024, 10:34:00 AM",848.5,848.3,848.5,848.3,12.0,6,2024-05-07 10:34:00,57.01849688362024,HOLD,
NVD.DE,"May 7, 2024, 10:35:00 AM",848.5,848.6,848.7,848.5,17.0,6,2024-05-07 10:35:00,59.66468601753638,HOLD,
NVD.DE,"May 7, 2024, 10:36:00 AM",849.0,849.1,849.1,848.7,9.0,6,2024-05-07 10:36:00,63.75561086903518,HOLD,
NVD.DE,"May 7, 2024, 10:37:00 AM",849.1,849.3,849.6,849.1,24.0,6,2024-05-07 10:37:00,65.30395915162057,HOLD,
NVD.DE,"May 7, 2024, 10:38:00 AM",849.1,848.7,849.2,848.7,16.0,6,2024-05-07 10:38:00,57.235228256994006,HOLD,
NVD.DE,"May 7, 2024, 10:39:00 AM",848.7,848.7,848.8,848.7,15.0,6,2024-05-07 10:39:00,57.235228256994006,HOLD,
NVD.DE,"May 7, 2024, 10:40:00 AM",848.6,848.5,848.6,848.5,13.0,6,2024-05-07 10:40:00,54.51833593524642,HOLD,
NVD.DE,"May 7, 2024, 10:41:00 AM",848.4,848.5,848.5,848.4,6.0,6,2024-05-07 10:41:00,54.51833593524642,HOLD,
NVD.DE,"May 7, 2024, 10:42:00 AM",848.4,848.0,848.4,847.9,8.0,6,2024-05-07 10:42:00,47.67283318919495,HOLD,
NVD.DE,"May 7, 2024, 10:43:00 AM",848.0,848.1,848.2,847.9,12.0,6,2024-05-07 10:43:00,49.0794585756392,HOLD,
NVD.DE,"May 7, 2024, 10:44:00 AM",848.1,848.3,848.4,848.0,11.0,6,2024-05-07 10:44:00,51.922701501680095,HOLD,
NVD.DE,"May 7, 2024, 10:45:00 AM",848.7,847.7,848.7,847.7,28.0,6,2024-05-07 10:45:00,43.84394499580166,HOLD,
NVD.DE,"May 7, 2024, 10:46:00 AM",847.7,847.8,847.9,847.7,16.0,6,2024-05-07 10:46:00,45.401381420631445,HOLD,
NVD.DE,"May 7, 2024, 10:47:00 AM",847.8,847.8,848.0,847.8,12.0,6,2024-05-07 10:47:00,45.40138142063144,HOLD,
NVD.DE,"May 7, 2024, 10:48:00 AM",848.0,847.8,848.0,847.7,11.0,6,2024-05-07 10:48:00,45.40138142063143,HOLD,
NVD.DE,"May 7, 2024, 10:49:00 AM",847.7,848.1,848.1,847.7,7.0,6,2024-05-07 10:49:00,50.84492168281056,HOLD,
NVD.DE,"May 7, 2024, 10:50:00 AM",848.1,848.1,848.1,848.1,3.0,6,2024-05-07 10:50:00,50.844921682810565,HOLD,
NVD.DE,"May 7, 2024, 10:51:00 AM",848.1,848.0,848.1,848.0,7.0,6,2024-05-07 10:51:00,48.879348104538344,HOLD,
NVD.DE,"May 7, 2024, 10:52:00 AM",848.1,848.2,848.2,848.0,10.0,6,2024-05-07 10:52:00,52.88627863402638,HOLD,
NVD.DE,"May 7, 2024, 10:53:00 AM",848.2,848.3,848.4,848.2,9.0,6,2024-05-07 10:53:00,54.833410728677606,HOLD,
NVD.DE,"May 7, 2024, 10:54:00 AM",848.3,848.4,848.4,848.3,7.0,6,2024-05-07 10:54:00,56.797449591163854,HOLD,
NVD.DE,"May 7, 2024, 10:55:00 AM",848.2,848.3,848.4,848.2,10.0,6,2024-05-07 10:55:00,54.20468953674377,HOLD,
NVD.DE,"May 7, 2024, 10:56:00 AM",848.3,848.4,848.5,848.3,11.0,6,2024-05-07 10:56:00,56.39431238744039,HOLD,
NVD.DE,"May 7, 2024, 10:58:00 AM",848.3,848.3,848.3,848.1,8.0,6,2024-05-07 10:58:00,53.57647990999838,HOLD,
NVD.DE,"May 7, 2024, 10:59:00 AM",848.2,848.0,848.2,848.0,7.0,6,2024-05-07 10:59:00,45.99274513150094,HOLD,
NVD.DE,"May 7, 2024, 11:00:00 AM",848.2,848.0,848.2,848.0,9.0,6,2024-05-07 11:00:00,45.99274513150093,HOLD,
NVD.DE,"May 7, 2024, 11:01:00 AM",848.1,848.1,848.1,848.1,1.0,6,2024-05-07 11:01:00,48.90958448339059,HOLD,
NVD.DE,"May 7, 2024, 11:02:00 AM",847.9,847.8,847.9,847.8,5.0,6,2024-05-07 11:02:00,41.51116041014806,HOLD,
NVD.DE,"May 7, 2024, 11:03:00 AM",847.6,847.2,847.7,847.2,9.0,6,2024-05-07 11:03:00,31.14610421170987,HOLD,
NVD.DE,"May 7, 2024, 11:04:00 AM",847.1,847.3,847.5,847.1,17.0,6,2024-05-07 11:04:00,34.16006511708882,HOLD,
NVD.DE,"May 7, 2024, 11:05:00 AM",847.2,847.4,847.4,847.2,8.0,6,2024-05-07 11:05:00,37.18466188515698,HOLD,
NVD.DE,"May 7, 2024, 11:06:00 AM",847.3,847.1,847.3,847.1,9.0,6,2024-05-07 11:06:00,32.28963416488589,HOLD,
NVD.DE,"May 7, 2024, 11:07:00 AM",847.1,847.1,847.1,847.1,3.0,6,2024-05-07 11:07:00,32.28963416488589,HOLD,
NVD.DE,"May 7, 2024, 11:08:00 AM",847.1,847.4,847.4,847.1,6.0,6,2024-05-07 11:08:00,41.59302752962674,HOLD,
NVD.DE,"May 7, 2024, 11:09:00 AM",847.5,847.7,847.7,847.2,18.0,6,2024-05-07 11:09:00,49.26161765220829,HOLD,
NVD.DE,"May 7, 2024, 11:10:00 AM",847.9,847.5,847.9,847.5,10.0,6,2024-05-07 11:10:00,44.935104640371925,HOLD,
NVD.DE,"May 7, 2024, 11:11:00 AM",847.7,847.6,847.9,847.4,10.0,6,2024-05-07 11:11:00,47.472447748843635,HOLD,
NVD.DE,"May 7, 2024, 11:12:00 AM",847.7,847.7,847.8,847.5,9.0,6,2024-05-07 11:12:00,50.00647246467458,HOLD,
NVD.DE,"May 7, 2024, 11:13:00 AM",847.9,847.9,847.9,847.8,15.0,6,2024-05-07 11:13:00,54.80328987513641,HOLD,
NVD.DE,"May 7, 2024, 11:14:00 AM",847.7,847.7,847.8,847.7,5.0,6,2024-05-07 11:14:00,49.57134898673276,HOLD,
NVD.DE,"May 7, 2024, 11:15:00 AM",847.8,847.9,847.9,847.8,7.0,6,2024-05-07 11:15:00,54.363806749779705,HOLD,
NVD.DE,"May 7, 2024, 11:16:00 AM",848.0,848.1,848.1,847.9,18.0,6,2024-05-07 11:16:00,58.68299795443488,HOLD,
NVD.DE,"May 7, 2024, 11:17:00 AM",848.1,847.9,848.5,847.9,11.0,6,2024-05-07 11:17:00,53.149671546653096,HOLD,
NVD.DE,"May 7, 2024, 11:18:00 AM",847.9,847.8,847.9,847.8,22.0,6,2024-05-07 11:18:00,50.52920194752637,HOLD,
NVD.DE,"May 7, 2024, 11:19:00 AM",847.7,847.6,847.7,847.6,13.0,6,2024-05-07 11:19:00,45.58472290252126,HOLD,
NVD.DE,"May 7, 2024, 11:20:00 AM",847.6,847.6,847.6,847.6,8.0,6,2024-05-07 11:20:00,45.58472290252126,HOLD,
NVD.DE,"May 7, 2024, 11:21:00 AM",847.6,847.6,847.6,847.6,6.0,6,2024-05-07 11:21:00,45.58472290252125,HOLD,
NVD.DE,"May 7, 2024, 11:22:00 AM",847.7,848.0,848.0,847.6,9.0,6,2024-05-07 11:22:00,56.8299597355146,HOLD,
NVD.DE,"May 7, 2024, 11:23:00 AM",847.7,847.6,847.9,847.6,7.0,6,2024-05-07 11:23:00,46.30405427530843,HOLD,
NVD.DE,"May 7, 2024, 11:24:00 AM",847.7,847.6,847.7,847.6,4.0,6,2024-05-07 11:24:00,46.30405427530844,HOLD,
NVD.DE,"May 7, 2024, 11:25:00 AM",847.7,847.6,847.8,847.6,6.0,6,2024-05-07 11:25:00,46.304054275308424,HOLD,
NVD.DE,"May 7, 2024, 11:26:00 AM",848.2,848.2,848.2,847.8,11.0,6,2024-05-07 11:26:00,60.799779330377355,HOLD,
NVD.DE,"May 7, 2024, 11:27:00 AM",847.7,847.6,847.8,847.5,18.0,6,2024-05-07 11:27:00,46.878853635971986,HOLD,
NVD.DE,"May 7, 2024, 11:28:00 AM",847.7,847.7,847.7,847.7,5.0,6,2024-05-07 11:28:00,49.018869575450715,HOLD,
NVD.DE,"May 7, 2024, 11:29:00 AM",847.8,847.8,847.8,847.7,11.0,6,2024-05-07 11:29:00,51.182188553921975,HOLD,
NVD.DE,"May 7, 2024, 11:30:00 AM",847.7,847.8,848.1,847.7,6.0,6,2024-05-07 11:30:00,51.18218855392197,HOLD,
NVD.DE,"May 7, 2024, 11:31:00 AM",847.8,847.6,847.9,847.5,10.0,6,2024-05-07 11:31:00,46.41577151011668,HOLD,
NVD.DE,"May 7, 2024, 11:32:00 AM",847.7,847.4,847.7,847.4,13.0,6,2024-05-07 11:32:00,42.102797646359306,HOLD,
NVD.DE,"May 7, 2024, 11:33:00 AM",847.4,847.2,847.4,847.2,17.0,6,2024-05-07 11:33:00,38.19844022899432,HOLD,
NVD.DE,"May 7, 2024, 11:34:00 AM",847.1,847.3,847.3,847.1,14.0,6,2024-05-07 11:34:00,41.19757865956371,HOLD,
NVD.DE,"May 7, 2024, 11:35:00 AM",847.3,847.1,847.3,847.1,10.0,6,2024-05-07 11:35:00,37.223495836220884,HOLD,
NVD.DE,"May 7, 2024, 11:36:00 AM",847.3,847.3,847.4,847.3,9.0,6,2024-05-07 11:36:00,43.24571509615386,HOLD,
NVD.DE,"May 7, 2024, 11:37:00 AM",847.2,847.3,847.3,847.2,4.0,6,2024-05-07 11:37:00,43.245715096153866,HOLD,
NVD.DE,"May 7, 2024, 11:38:00 AM",847.1,846.4,847.1,846.4,8.0,6,2024-05-07 11:38:00,28.407305346666863,HOLD,
NVD.DE,"May 7, 2024, 11:39:00 AM",846.4,846.6,846.6,846.4,14.0,6,2024-05-07 11:39:00,33.94736681698556,HOLD,
NVD.DE,"May 7, 2024, 11:40:00 AM",846.5,846.1,846.6,846.0,16.0,6,2024-05-07 11:40:00,27.990824181769437,HOLD,
NVD.DE,"May 7, 2024, 11:41:00 AM",846.0,846.1,846.1,846.0,15.0,6,2024-05-07 11:41:00,27.990824181769437,HOLD,
NVD.DE,"May 7, 2024, 11:42:00 AM",846.4,846.6,846.7,846.4,10.0,6,2024-05-07 11:42:00,40.60175504755972,HOLD,
NVD.DE,"May 7, 2024, 11:43:00 AM",846.7,846.8,846.9,846.6,28.0,6,2024-05-07 11:43:00,44.85134390661958,HOLD,
NVD.DE,"May 7, 2024, 11:44:00 AM",846.9,846.6,846.9,846.5,16.0,6,2024-05-07 11:44:00,41.57913210359224,HOLD,
NVD.DE,"May 7, 2024, 11:45:00 AM",846.3,846.2,846.5,846.0,19.0,6,2024-05-07 11:45:00,35.82848095823444,HOLD,
NVD.DE,"May 7, 2024, 11:46:00 AM",846.1,846.4,846.4,846.1,6.0,6,2024-05-07 11:46:00,40.36483282038484,HOLD,
NVD.DE,"May 7, 2024, 11:47:00 AM",846.1,845.1,846.2,845.1,35.0,6,2024-05-07 11:47:00,26.812630460983073,HOLD,
NVD.DE,"May 7, 2024, 11:48:00 AM",845.1,845.1,845.2,844.6,31.0,6,2024-05-07 11:48:00,26.812630460983073,HOLD,
NVD.DE,"May 7, 2024, 11:49:00 AM",845.1,845.2,845.5,845.1,17.0,6,2024-05-07 11:49:00,29.030423180076607,HOLD,
NVD.DE,"May 7, 2024, 11:50:00 AM",845.4,845.4,845.6,845.3,23.0,6,2024-05-07 11:50:00,33.46600981035431,HOLD,
NVD.DE,"May 7, 2024, 11:51:00 AM",845.3,843.4,845.3,843.4,14.0,6,2024-05-07 11:51:00,19.831731231693578,BUY,844.1
NVD.DE,"May 7, 2024, 11:52:00 AM",843.4,843.5,844.1,843.3,29.0,6,2024-05-07 11:52:00,21.58872188745036,HOLD,
NVD.DE,"May 7, 2024, 11:53:00 AM",843.6,843.8,844.0,843.5,33.0,6,2024-05-07 11:53:00,26.877233933780033,HOLD,
NVD.DE,"May 7, 2024, 11:54:00 AM",843.8,843.8,844.1,843.7,11.0,6,2024-05-07 11:54:00,26.877233933780033,HOLD,
NVD.DE,"May 7, 2024, 11:55:00 AM",843.9,844.4,844.8,843.9,24.0,6,2024-05-07 11:55:00,37.13756817463728,HOLD,
NVD.DE,"May 7, 2024, 11:56:00 AM",844.4,844.4,844.5,844.2,14.0,6,2024-05-07 11:56:00,37.13756817463728,HOLD,
NVD.DE,"May 7, 2024, 11:57:00 AM",844.5,844.2,844.6,844.2,14.0,6,2024-05-07 11:57:00,35.14836934871249,HOLD,
NVD.DE,"May 7, 2024, 11:58:00 AM",844.1,844.0,844.1,843.9,9.0,6,2024-05-07 11:58:00,33.19268057017068,HOLD,
NVD.DE,"May 7, 2024, 11:59:00 AM",844.1,844.0,844.1,844.0,8.0,6,2024-05-07 11:59:00,33.19268057017069,HOLD,
NVD.DE,"May 7, 2024, 12:00:00 PM",844.0,842.5,844.0,842.5,19.0,6,2024-05-07 12:00:00,22.055792354371356,BUY,843.1
NVD.DE,"May 7, 2024, 12:01:00 PM",842.6,843.1,843.3,842.3,42.0,6,2024-05-07 12:01:00,32.08245070795913,HOLD,
NVD.DE,"May 7, 2024, 12:02:00 PM",843.1,843.0,843.2,842.9,22.0,6,2024-05-07 12:02:00,31.34325755273348,HOLD,
NVD.DE,"May 7, 2024, 12:03:00 PM",843.1,843.6,844.0,843.0,19.0,6,2024-05-07 12:03:00,40.405587665348946,HOLD,
NVD.DE,"May 7, 2024, 12:04:00 PM",843.7,844.6,844.6,843.7,15.0,6,2024-05-07 12:04:00,52.01701009931855,HOLD,
NVD.DE,"May 7, 2024, 12:05:00 PM",844.7,843.8,844.7,843.6,20.0,6,2024-05-07 12:05:00,44.40357734509439,HOLD,
NVD.DE,"May 7, 2024, 12:06:00 PM",844.0,844.2,844.3,843.8,14.0,6,2024-05-07 12:06:00,48.54566945360601,HOLD,
NVD.DE,"May 7, 2024, 12:07:00 PM",843.5,843.4,843.6,843.3,7.0,6,2024-05-07 12:07:00,41.70925994883922,HOLD,
NVD.DE,"May 7, 2024, 12:08:00 PM",843.4,842.7,843.4,842.7,10.0,6,2024-05-07 12:08:00,36.73066186955472,HOLD,
NVD.DE,"May 7, 2024, 12:09:00 PM",842.5,842.5,842.5,842.0,30.0,6,2024-05-07 12:09:00,35.40255262153271,HOLD,
NVD.DE,"May 7, 2024, 12:10:00 PM",842.4,841.9,842.4,841.8,9.0,6,2024-05-07 12:10:00,31.628580500740295,HOLD,
NVD.DE,"May 7, 2024, 12:11:00 PM",841.9,842.8,842.8,841.8,29.0,6,2024-05-07 12:11:00,41.85573746402603,HOLD,
NVD.DE,"May 7, 2024, 12:12:00 PM",842.9,843.2,843.2,842.7,26.0,6,2024-05-07 12:12:00,45.818019347018456,HOLD,
NVD.DE,"May 7, 2024, 12:13:00 PM",843.2,843.1,843.3,843.1,17.0,6,2024-05-07 12:13:00,44.97518132562037,HOLD,
NVD.DE,"May 7, 2024, 12:14:00 PM",843.3,842.9,843.3,842.7,20.0,6,2024-05-07 12:14:00,43.22584242263092,HOLD,
NVD.DE,"May 7, 2024, 12:15:00 PM",842.8,842.9,843.0,842.8,22.0,6,2024-05-07 12:15:00,43.22584242263091,HOLD,
NVD.DE,"May 7, 2024, 12:16:00 PM",842.7,842.7,842.7,842.6,9.0,6,2024-05-07 12:16:00,41.28291423462483,HOLD,
NVD.DE,"May 7, 2024, 12:17:00 PM",842.7,842.1,842.7,842.0,18.0,6,2024-05-07 12:17:00,35.950411478677836,HOLD,
NVD.DE,"May 7, 2024, 12:18:00 PM",842.1,842.2,842.6,842.0,31.0,6,2024-05-07 12:18:00,37.43208946303583,HOLD,
NVD.DE,"May 7, 2024, 12:19:00 PM",842.3,842.0,842.5,842.0,17.0,6,2024-05-07 12:19:00,35.61930724121695,HOLD,
NVD.DE,"May 7, 2024, 12:20:00 PM",841.9,841.8,842.1,841.8,21.0,6,2024-05-07 12:20:00,33.8177858707586,HOLD,
NVD.DE,"May 7, 2024, 12:21:00 PM",841.7,841.4,842.0,841.4,7.0,6,2024-05-07 12:21:00,30.431665783474422,HOLD,
NVD.DE,"May 7, 2024, 12:22:00 PM",841.0,841.2,841.4,840.8,41.0,6,2024-05-07 12:22:00,28.843250429514107,HOLD,
NVD.DE,"May 7, 2024, 12:23:00 PM",841.2,841.0,841.6,841.0,18.0,6,2024-05-07 12:23:00,27.277114467262752,HOLD,
NVD.DE,"May 7, 2024, 12:24:00 PM",840.9,840.1,840.9,840.1,17.0,6,2024-05-07 12:24:00,21.498763227974493,BUY,840.6
NVD.DE,"May 7, 2024, 12:25:00 PM",839.0,839.8,839.9,839.0,10.0,6,2024-05-07 12:25:00,19.949222765509447,HOLD,
NVD.DE,"May 7, 2024, 12:26:00 PM",839.4,839.3,839.7,839.3,20.0,6,2024-05-07 12:26:00,17.620825267416134,HOLD,
NVD.DE,"May 7, 2024, 12:27:00 PM",840.0,841.5,841.6,840.0,17.0,6,2024-05-07 12:27:00,47.35840175132896,HOLD,
NVD.DE,"May 7, 2024, 12:28:00 PM",841.1,840.0,841.6,840.0,29.0,6,2024-05-07 12:28:00,37.26842002008828,HOLD,
NVD.DE,"May 7, 2024, 12:29:00 PM",839.9,840.2,840.3,839.8,23.0,6,2024-05-07 12:29:00,39.16926978761327,HOLD,
NVD.DE,"May 7, 2024, 12:30:00 PM",840.0,840.2,840.3,839.8,20.0,6,2024-05-07 12:30:00,39.16926978761326,HOLD,
NVD.DE,"May 7, 2024, 12:31:00 PM",840.3,840.3,840.4,840.0,22.0,6,2024-05-07 12:31:00,40.26436140240041,HOLD,
NVD.DE,"May 7, 2024, 12:32:00 PM",840.2,840.3,840.4,840.2,17.0,6,2024-05-07 12:32:00,40.264361402400404,HOLD,
NVD.DE,"May 7, 2024, 12:33:00 PM",840.3,840.3,840.4,840.3,13.0,6,2024-05-07 12:33:00,40.26436140240041,HOLD,
NVD.DE,"May 7, 2024, 12:34:00 PM",840.4,840.4,840.4,839.6,24.0,6,2024-05-07 12:34:00,41.66219527968285,HOLD,
NVD.DE,"May 7, 2024, 12:35:00 PM",840.3,840.2,840.5,840.2,10.0,6,2024-05-07 12:35:00,39.62240479213168,HOLD,
NVD.DE,"May 7, 2024, 12:36:00 PM",840.3,840.9,840.9,840.3,17.0,6,2024-05-07 12:36:00,49.19835569694959,HOLD,
NVD.DE,"May 7, 2024, 12:37:00 PM",840.9,841.4,841.4,840.9,16.0,6,2024-05-07 12:37:00,54.827528738431894,HOLD,
NVD.DE,"May 7, 2024, 12:38:00 PM",841.5,841.9,841.9,841.5,23.0,6,2024-05-07 12:38:00,59.735296669612765,HOLD,
NVD.DE,"May 7, 2024, 12:39:00 PM",842.1,841.6,842.2,841.6,13.0,6,2024-05-07 12:39:00,55.73852296200255,HOLD,
NVD.DE,"May 7, 2024, 12:40:00 PM",841.7,841.9,842.0,841.1,22.0,6,2024-05-07 12:40:00,58.77279889065326,HOLD,
NVD.DE,"May 7, 2024, 12:41:00 PM",841.6,842.0,842.1,841.6,12.0,6,2024-05-07 12:41:00,59.783686463739144,HOLD,
NVD.DE,"May 7, 2024, 12:42:00 PM",842.0,842.3,842.4,841.9,27.0,6,2024-05-07 12:42:00,62.79421929528479,HOLD,
NVD.DE,"May 7, 2024, 12:43:00 PM",842.4,842.7,842.7,842.4,25.0,6,2024-05-07 12:43:00,66.47501049584628,HOLD,
NVD.DE,"May 7, 2024, 12:44:00 PM",842.6,842.9,843.1,842.6,26.0,6,2024-05-07 12:44:00,68.20503328579645,HOLD,
NVD.DE,"May 7, 2024, 12:45:00 PM",842.9,843.0,843.0,842.9,16.0,6,2024-05-07 12:45:00,69.0825384725995,HOLD,
NVD.DE,"May 7, 2024, 12:46:00 PM",842.7,842.8,842.8,842.7,7.0,6,2024-05-07 12:46:00,65.12812073758847,HOLD,
NVD.DE,"May 7, 2024, 12:47:00 PM",842.8,842.9,842.9,842.8,13.0,6,2024-05-07 12:47:00,66.19248479207869,HOLD,
NVD.DE,"May 7, 2024, 12:48:00 PM",843.0,843.8,843.9,843.0,25.0,6,2024-05-07 12:48:00,74.03753830352736,HOLD,
NVD.DE,"May 7, 2024, 12:49:00 PM",843.8,843.9,844.1,843.8,9.0,6,2024-05-07 12:49:00,74.75357089979947,HOLD,
NVD.DE,"May 7, 2024, 12:50:00 PM",843.8,843.3,844.0,842.8,24.0,6,2024-05-07 12:50:00,63.241958217257185,HOLD,
NVD.DE,"May 7, 2024, 12:51:00 PM",843.6,843.7,843.7,843.5,14.0,6,2024-05-07 12:51:00,66.97180114088673,HOLD,
NVD.DE,"May 7, 2024, 12:52:00 PM",843.5,843.6,843.8,843.5,17.0,6,2024-05-07 12:52:00,65.1537329323151,HOLD,
NVD.DE,"May 7, 2024, 12:53:00 PM",843.5,843.8,843.8,843.5,12.0,6,2024-05-07 12:53:00,67.11756712219494,HOLD,
NVD.DE,"May 7, 2024, 12:54:00 PM",843.7,843.4,843.9,843.4,16.0,6,2024-05-07 12:54:00,59.71390319842667,HOLD,
NVD.DE,"May 7, 2024, 12:55:00 PM",843.4,843.5,843.7,843.4,7.0,6,2024-05-07 12:55:00,60.89999948878017,HOLD,
NVD.DE,"May 7, 2024, 12:56:00 PM",843.5,842.8,843.6,842.6,36.0,6,2024-05-07 12:56:00,49.645305981881634,HOLD,
NVD.DE,"May 7, 2024, 12:57:00 PM",842.8,842.9,842.9,842.4,20.0,6,2024-05-07 12:57:00,51.066385325002514,HOLD,
NVD.DE,"May 7, 2024, 12:58:00 PM",843.1,843.5,843.5,843.1,17.0,6,2024-05-07 12:58:00,58.74971180901032,HOLD,
NVD.DE,"May 7, 2024, 12:59:00 PM",843.4,843.4,843.5,843.4,10.0,6,2024-05-07 12:59:00,57.10585471234568,HOLD,
NVD.DE,"May 7, 2024, 1:00:00 PM",843.3,843.4,843.4,842.8,11.0,6,2024-05-07 13:00:00,57.105854712345675,HOLD,
NVD.DE,"May 7, 2024, 1:01:00 PM",843.0,843.5,843.6,842.9,14.0,6,2024-05-07 13:01:00,58.51054763120166,HOLD,
NVD.DE,"May 7, 2024, 1:02:00 PM",843.6,843.5,844.0,843.5,7.0,6,2024-05-07 13:02:00,58.51054763120166,HOLD,
NVD.DE,"May 7, 2024, 1:03:00 PM",843.6,843.5,843.6,843.5,2.0,6,2024-05-07 13:03:00,58.51054763120165,HOLD,
NVD.DE,"May 7, 2024, 1:04:00 PM",843.6,843.6,843.6,843.5,5.0,6,2024-05-07 13:04:00,60.2434348010571,HOLD,
NVD.DE,"May 7, 2024, 1:05:00 PM",843.5,843.6,843.6,843.4,10.0,6,2024-05-07 13:05:00,60.2434348010571,HOLD,
NVD.DE,"May 7, 2024, 1:06:00 PM",843.6,843.9,843.9,843.5,20.0,6,2024-05-07 13:06:00,65.4775242677625,HOLD,
NVD.DE,"May 7, 2024, 1:07:00 PM",844.1,843.4,844.2,843.4,11.0,6,2024-05-07 13:07:00,52.74640502822421,HOLD,
NVD.DE,"May 7, 2024, 1:08:00 PM",843.5,844.0,844.0,843.5,11.0,6,2024-05-07 13:08:00,62.39729482376213,HOLD,
NVD.DE,"May 7, 2024, 1:09:00 PM",843.9,844.8,844.8,843.9,18.0,6,2024-05-07 13:09:00,71.06474321701096,HOLD,
NVD.DE,"May 7, 2024, 1:10:00 PM",844.5,844.7,844.7,844.3,10.0,6,2024-05-07 13:10:00,68.88162011048334,HOLD,
NVD.DE,"May 7, 2024, 1:11:00 PM",844.8,844.6,845.0,844.6,24.0,6,2024-05-07 13:11:00,66.63004305555161,HOLD,
NVD.DE,"May 7, 2024, 1:12:00 PM",844.5,844.7,844.9,844.5,29.0,6,2024-05-07 13:12:00,67.78826107315744,HOLD,
NVD.DE,"May 7, 2024, 1:13:00 PM",844.8,843.9,844.9,843.9,19.0,6,2024-05-07 13:13:00,51.927759223288774,HOLD,
NVD.DE,"May 7, 2024, 1:14:00 PM",844.0,843.9,844.3,843.9,21.0,6,2024-05-07 13:14:00,51.92775922328878,HOLD,
NVD.DE,"May 7, 2024, 1:15:00 PM",843.9,845.7,846.4,843.9,68.0,6,2024-05-07 13:15:00,70.6336998966971,HOLD,
NVD.DE,"May 7, 2024, 1:16:00 PM",845.7,846.4,846.4,845.7,54.0,6,2024-05-07 13:16:00,74.82437231559629,HOLD,
NVD.DE,"May 7, 2024, 1:17:00 PM",846.7,847.2,847.4,846.7,64.0,6,2024-05-07 13:17:00,78.65384347327519,SELL,847.3
NVD.DE,"May 7, 2024, 1:18:00 PM",847.3,847.7,847.7,847.2,23.0,6,2024-05-07 13:18:00,80.67479251765593,HOLD,
NVD.DE,"May 7, 2024, 1:19:00 PM",847.6,847.4,847.7,846.7,18.0,6,2024-05-07 13:19:00,75.93024901025858,HOLD,
NVD.DE,"May 7, 2024, 1:20:00 PM",847.6,847.8,847.8,847.4,34.0,6,2024-05-07 13:20:00,77.84154307722494,HOLD,
NVD.DE,"May 7, 2024, 1:21:00 PM",847.9,848.4,848.6,847.8,16.0,6,2024-05-07 13:21:00,80.40844233978946,HOLD,
NVD.DE,"May 7, 2024, 1:22:00 PM",848.4,848.8,849.0,848.4,42.0,6,2024-05-07 13:22:00,81.94245662676565,HOLD,
NVD.DE,"May 7, 2024, 1:23:00 PM",848.9,848.1,848.9,848.1,42.0,6,2024-05-07 13:23:00,71.20929095415495,HOLD,
NVD.DE,"May 7, 2024, 1:24:00 PM",848.0,848.0,848.1,847.9,13.0,6,2024-05-07 13:24:00,69.7731345723982,HOLD,
NVD.DE,"May 7, 2024, 1:25:00 PM",848.2,848.6,848.6,848.2,18.0,6,2024-05-07 13:25:00,73.32396754221953,HOLD,
NVD.DE,"May 7, 2024, 1:26:00 PM",848.5,848.0,848.5,847.9,42.0,6,2024-05-07 13:26:00,64.9332866966362,HOLD,
NVD.DE,"May 7, 2024, 1:27:00 PM",848.1,847.6,848.1,847.2,39.0,6,2024-05-07 13:27:00,59.906113831025074,HOLD,
NVD.DE,"May 7, 2024, 1:28:00 PM",847.5,847.6,847.6,847.3,25.0,6,2024-05-07 13:28:00,59.906113831025074,HOLD,
NVD.DE,"May 7, 2024, 1:29:00 PM",847.6,847.7,847.7,847.3,24.0,6,2024-05-07 13:29:00,60.823614060899374,HOLD,
NVD.DE,"May 7, 2024, 1:30:00 PM",847.7,847.7,847.7,847.7,2.0,6,2024-05-07 13:30:00,60.82361406089938,HOLD,
NVD.DE,"May 7, 2024, 1:32:00 PM",846.4,847.0,847.0,846.4,15.0,6,2024-05-07 13:32:00,50.94848627293277,HOLD,
NVD.DE,"May 7, 2024, 1:33:00 PM",847.0,847.2,847.3,846.7,46.0,6,2024-05-07 13:33:00,53.32989489787853,HOLD,
NVD.DE,"May 7, 2024, 1:34:00 PM",847.3,847.1,847.3,846.9,21.0,6,2024-05-07 13:34:00,51.942913914200766,HOLD,
NVD.DE,"May 7, 2024, 1:35:00 PM",847.0,846.3,847.3,845.5,34.0,6,2024-05-07 13:35:00,42.26896001154742,HOLD,
NVD.DE,"May 7, 2024, 1:36:00 PM",846.3,845.6,846.3,845.6,32.0,6,2024-05-07 13:36:00,35.843692856999304,HOLD,
NVD.DE,"May 7, 2024, 1:37:00 PM",845.7,846.2,846.6,845.7,29.0,6,2024-05-07 13:37:00,43.88609872648571,HOLD,
NVD.DE,"May 7, 2024, 1:38:00 PM",846.1,845.8,846.3,845.7,28.0,6,2024-05-07 13:38:00,40.191383184957104,HOLD,
NVD.DE,"May 7, 2024, 1:39:00 PM",845.7,844.9,845.7,844.7,34.0,6,2024-05-07 13:39:00,33.26090373357008,HOLD,
NVD.DE,"May 7, 2024, 1:40:00 PM",844.8,844.3,844.8,844.1,43.0,6,2024-05-07 13:40:00,29.527091887865176,HOLD,
NVD.DE,"May 7, 2024, 1:41:00 PM",844.4,844.1,844.4,844.1,13.0,6,2024-05-07 13:41:00,28.359765121094256,HOLD,
NVD.DE,"May 7, 2024, 1:42:00 PM",844.3,844.8,844.8,844.3,17.0,6,2024-05-07 13:42:00,37.82342820902281,HOLD,
NVD.DE,"May 7, 2024, 1:43:00 PM",844.6,845.1,845.2,844.6,22.0,6,2024-05-07 13:43:00,41.468513726205366,HOLD,
NVD.DE,"May 7, 2024, 1:44:00 PM",845.3,845.3,845.4,845.1,29.0,6,2024-05-07 13:44:00,43.881146190045285,HOLD,
NVD.DE,"May 7, 2024, 1:45:00 PM",845.2,845.8,845.8,845.2,40.0,6,2024-05-07 13:45:00,49.594749522655476,HOLD,
NVD.DE,"May 7, 2024, 1:46:00 PM",845.8,846.1,846.4,845.3,42.0,6,2024-05-07 13:46:00,52.76852868205452,HOLD,
NVD.DE,"May 7, 2024, 1:47:00 PM",846.2,846.2,846.2,846.0,19.0,6,2024-05-07 13:47:00,53.834366574241834,HOLD,
NVD.DE,"May 7, 2024, 1:48:00 PM",846.2,846.4,847.0,846.0,33.0,6,2024-05-07 13:48:00,56.01789271621953,HOLD,
NVD.DE,"May 7, 2024, 1:49:00 PM",846.0,846.1,846.5,846.0,21.0,6,2024-05-07 13:49:00,51.96266750034474,HOLD,
NVD.DE,"May 7, 2024, 1:50:00 PM",846.0,846.4,846.5,846.0,32.0,6,2024-05-07 13:50:00,55.50577661546565,HOLD,
NVD.DE,"May 7, 2024, 1:51:00 PM",846.5,846.6,846.8,846.4,20.0,6,2024-05-07 13:51:00,57.78892173365431,HOLD,
NVD.DE,"May 7, 2024, 1:52:00 PM",846.5,846.3,846.5,846.3,16.0,6,2024-05-07 13:52:00,53.278033982346514,HOLD,
NVD.DE,"May 7, 2024, 1:53:00 PM",846.4,845.4,846.4,845.3,26.0,6,2024-05-07 13:53:00,42.36513842553233,HOLD,
NVD.DE,"May 7, 2024, 1:54:00 PM",845.3,844.9,845.3,844.9,23.0,6,2024-05-07 13:54:00,37.65209796336761,HOLD,
NVD.DE,"May 7, 2024, 1:55:00 PM",844.8,845.2,845.4,844.8,33.0,6,2024-05-07 13:55:00,41.9167845905545,HOLD,
NVD.DE,"May 7, 2024, 1:56:00 PM",845.0,844.4,845.2,844.3,26.0,6,2024-05-07 13:56:00,34.91191077495926,HOLD,
NVD.DE,"May 7, 2024, 1:57:00 PM",844.3,844.3,844.4,844.0,27.0,6,2024-05-07 13:57:00,34.12771894152039,HOLD,
NVD.DE,"May 7, 2024, 1:58:00 PM",844.3,844.7,844.7,844.3,15.0,6,2024-05-07 13:58:00,40.05250177360145,HOLD,
NVD.DE,"May 7, 2024, 1:59:00 PM",844.7,844.7,844.8,844.7,14.0,6,2024-05-07 13:59:00,40.05250177360145,HOLD,
NVD.DE,"May 7, 2024, 2:00:00 PM",844.8,844.8,844.8,844.8,14.0,6,2024-05-07 14:00:00,41.640345739351645,HOLD,
NVD.DE,"May 7, 2024, 2:01:00 PM",844.8,844.7,845.0,844.6,24.0,6,2024-05-07 14:01:00,40.4614618989137,HOLD,
NVD.DE,"May 7, 2024, 2:02:00 PM",844.9,844.7,844.9,844.7,16.0,6,2024-05-07 14:02:00,40.4614618989137,HOLD,
NVD.DE,"May 7, 2024, 2:03:00 PM",844.6,844.8,844.8,844.6,14.0,6,2024-05-07 14:03:00,42.43348499415352,HOLD,
NVD.DE,"May 7, 2024, 2:04:00 PM",844.8,844.0,844.8,844.0,13.0,6,2024-05-07 14:04:00,32.85668792345542,HOLD,
NVD.DE,"May 7, 2024, 2:05:00 PM",844.1,844.8,844.8,844.1,18.0,6,2024-05-07 14:05:00,46.21041417968709,HOLD,
NVD.DE,"May 7, 2024, 2:06:00 PM",844.8,844.4,844.8,844.3,16.0,6,2024-05-07 14:06:00,41.6540386211159,HOLD,
NVD.DE,"May 7, 2024, 2:07:00 PM",844.5,845.0,845.0,844.5,18.0,6,2024-05-07 14:07:00,49.81817172466296,HOLD,
NVD.DE,"May 7, 2024, 2:08:00 PM",845.2,844.6,845.2,844.5,20.0,6,2024-05-07 14:08:00,45.18193571485838,HOLD,
NVD.DE,"May 7, 2024, 2:09:00 PM",844.6,844.8,844.8,844.2,30.0,6,2024-05-07 14:09:00,47.85116014558065,HOLD,
NVD.DE,"May 7, 2024, 2:10:00 PM",844.9,844.7,844.9,844.5,21.0,6,2024-05-07 14:10:00,46.603090550162335,HOLD,
NVD.DE,"May 7, 2024, 2:11:00 PM",844.8,844.6,844.8,844.6,17.0,6,2024-05-07 14:11:00,45.30331315087461,HOLD,
NVD.DE,"May 7, 2024, 2:12:00 PM",844.7,845.5,845.5,844.6,22.0,6,2024-05-07 14:12:00,57.138109299381334,HOLD,
NVD.DE,"May 7, 2024, 2:13:00 PM",845.5,846.0,846.0,845.5,25.0,6,2024-05-07 14:13:00,62.14372820517849,HOLD,
NVD.DE,"May 7, 2024, 2:14:00 PM",845.9,846.0,846.0,845.9,12.0,6,2024-05-07 14:14:00,62.1437282051785,HOLD,
NVD.DE,"May 7, 2024, 2:15:00 PM",845.9,845.6,846.0,845.5,24.0,6,2024-05-07 14:15:00,55.832042940694464,HOLD,
NVD.DE,"May 7, 2024, 2:16:00 PM",845.6,845.3,845.7,845.1,27.0,6,2024-05-07 14:16:00,51.51546485483092,HOLD,
NVD.DE,"May 7, 2024, 2:17:00 PM",845.5,846.2,846.4,845.5,28.0,6,2024-05-07 14:17:00,61.371059244634,HOLD,
NVD.DE,"May 7, 2024, 2:18:00 PM",846.2,846.1,846.3,846.0,18.0,6,2024-05-07 14:18:00,59.88329054427422,HOLD,
NVD.DE,"May 7, 2024, 2:19:00 PM",845.9,845.9,846.0,845.9,5.0,6,2024-05-07 14:19:00,56.85125335926545,HOLD,
NVD.DE,"May 7, 2024, 2:20:00 PM",846.0,846.1,846.1,845.9,17.0,6,2024-05-07 14:20:00,59.12766600972724,HOLD,
NVD.DE,"May 7, 2024, 2:21:00 PM",846.0,846.6,846.6,846.0,25.0,6,2024-05-07 14:21:00,64.30621513911291,HOLD,
NVD.DE,"May 7, 2024, 2:22:00 PM",846.8,846.4,846.9,846.4,12.0,6,2024-05-07 14:22:00,60.91055737849899,HOLD,
NVD.DE,"May 7, 2024, 2:23:00 PM",846.5,846.5,846.7,846.4,18.0,6,2024-05-07 14:23:00,62.01377154140024,HOLD,
NVD.DE,"May 7, 2024, 2:24:00 PM",846.4,846.2,846.6,846.2,13.0,6,2024-05-07 14:24:00,56.73018872597402,HOLD,
NVD.DE,"May 7, 2024, 2:25:00 PM",846.1,846.3,846.3,846.1,13.0,6,2024-05-07 14:25:00,58.04099053361654,HOLD,
NVD.DE,"May 7, 2024, 2:26:00 PM",846.3,846.5,846.5,846.2,21.0,6,2024-05-07 14:26:00,60.66266998844628,HOLD,
NVD.DE,"May 7, 2024, 2:27:00 PM",846.6,846.8,846.8,846.6,20.0,6,2024-05-07 14:27:00,64.33913303417152,HOLD,
NVD.DE,"May 7, 2024, 2:28:00 PM",846.9,846.6,846.9,846.6,17.0,6,2024-05-07 14:28:00,60.212343838449115,HOLD,
NVD.DE,"May 7, 2024, 2:29:00 PM",846.6,846.9,847.0,846.6,22.0,6,2024-05-07 14:29:00,64.02019393083553,HOLD,
NVD.DE,"May 7, 2024, 2:30:00 PM",846.7,846.4,846.8,846.4,30.0,6,2024-05-07 14:30:00,54.46404678430077,HOLD,
NVD.DE,"May 7, 2024, 2:31:00 PM",846.8,846.4,846.8,846.4,27.0,6,2024-05-07 14:31:00,54.46404678430078,HOLD,
NVD.DE,"May 7, 2024, 2:32:00 PM",846.5,847.0,847.0,846.4,22.0,6,2024-05-07 14:32:00,62.57534340618103,HOLD,
NVD.DE,"May 7, 2024, 2:33:00 PM",846.8,847.3,847.3,846.8,32.0,6,2024-05-07 14:33:00,65.91472005480597,HOLD,
NVD.DE,"May 7, 2024, 2:34:00 PM",847.5,847.3,847.8,847.0,36.0,6,2024-05-07 14:34:00,65.91472005480597,HOLD,
NVD.DE,"May 7, 2024, 2:35:00 PM",847.2,847.4,847.5,847.1,41.0,6,2024-05-07 14:35:00,67.09880634309373,HOLD,
NVD.DE,"May 7, 2024, 2:36:00 PM",847.5,847.6,847.6,847.3,19.0,6,2024-05-07 14:36:00,69.43477376785313,HOLD,
NVD.DE,"May 7, 2024, 2:37:00 PM",847.6,848.0,848.0,847.0,25.0,6,2024-05-07 14:37:00,73.56404008202104,HOLD,
NVD.DE,"May 7, 2024, 2:38:00 PM",847.9,847.3,847.9,847.3,23.0,6,2024-05-07 14:38:00,58.38131063653501,HOLD,
NVD.DE,"May 7, 2024, 2:39:00 PM",847.3,846.7,847.3,846.7,20.0,6,2024-05-07 14:39:00,48.87124381393698,HOLD,
NVD.DE,"May 7, 2024, 2:40:00 PM",846.9,846.8,846.9,846.8,6.0,6,2024-05-07 14:40:00,50.35388623179527,HOLD,
NVD.DE,"May 7, 2024, 2:41:00 PM",846.9,846.3,846.9,846.3,26.0,6,2024-05-07 14:41:00,43.42760994813586,HOLD,
NVD.DE,"May 7, 2024, 2:42:00 PM",846.2,846.0,846.3,846.0,19.0,6,2024-05-07 14:42:00,39.81319672619261,HOLD,
NVD.DE,"May 7, 2024, 2:43:00 PM",845.9,845.7,846.1,845.7,21.0,6,2024-05-07 14:43:00,36.47395811112732,HOLD,
NVD.DE,"May 7, 2024, 2:44:00 PM",845.6,845.6,845.7,845.3,27.0,6,2024-05-07 14:44:00,35.38572986980799,HOLD,
NVD.DE,"May 7, 2024, 2:45:00 PM",845.7,845.8,845.8,845.6,12.0,6,2024-05-07 14:45:00,39.36568567007312,HOLD,
NVD.DE,"May 7, 2024, 2:46:00 PM",845.7,845.9,846.1,845.7,10.0,6,2024-05-07 14:46:00,41.3525208668823,HOLD,
NVD.DE,"May 7, 2024, 2:47:00 PM",846.0,846.1,846.1,845.8,30.0,6,2024-05-07 14:47:00,45.296047356451425,HOLD,
NVD.DE,"May 7, 2024, 2:48:00 PM",846.3,846.3,846.3,846.2,11.0,6,2024-05-07 14:48:00,49.06357589766913,HOLD,
NVD.DE,"May 7, 2024, 2:49:00 PM",846.2,846.0,846.4,846.0,13.0,6,2024-05-07 14:49:00,44.05704239403774,HOLD,
NVD.DE,"May 7, 2024, 2:50:00 PM",845.9,846.0,846.0,845.8,13.0,6,2024-05-07 14:50:00,44.05704239403774,HOLD,
NVD.DE,"May 7, 2024, 2:51:00 PM",845.9,846.8,846.8,845.9,25.0,6,2024-05-07 14:51:00,57.91404306896942,HOLD,
NVD.DE,"May 7, 2024, 2:52:00 PM",846.5,846.8,847.0,846.4,24.0,6,2024-05-07 14:52:00,57.91404306896942,HOLD,
NVD.DE,"May 7, 2024, 2:53:00 PM",846.9,846.5,847.2,846.4,43.0,6,2024-05-07 14:53:00,52.06255976215903,HOLD,
NVD.DE,"May 7, 2024, 2:54:00 PM",846.5,846.4,846.5,846.2,20.0,6,2024-05-07 14:54:00,50.20269837936588,HOLD,
NVD.DE,"May 7, 2024, 2:55:00 PM",846.3,846.5,846.8,846.3,32.0,6,2024-05-07 14:55:00,52.08554230680569,HOLD,
NVD.DE,"May 7, 2024, 2:56:00 PM",846.7,846.7,847.0,846.6,25.0,6,2024-05-07 14:56:00,55.7651048940422,HOLD,
NVD.DE,"May 7, 2024, 2:57:00 PM",846.8,847.3,847.4,846.6,39.0,6,2024-05-07 14:57:00,64.70868495122765,HOLD,
NVD.DE,"May 7, 2024, 2:58:00 PM",846.9,847.3,847.5,846.9,39.0,6,2024-05-07 14:58:00,64.70868495122767,HOLD,
NVD.DE,"May 7, 2024, 2:59:00 PM",847.6,847.9,848.0,847.2,51.0,6,2024-05-07 14:59:00,71.64541845183786,HOLD,
NVD.DE,"May 7, 2024, 3:00:00 PM",848.0,848.3,848.4,848.0,38.0,6,2024-05-07 15:00:00,75.21758874137612,SELL,848.2
NVD.DE,"May 7, 2024, 3:01:00 PM",848.2,847.7,848.4,847.5,29.0,6,2024-05-07 15:01:00,62.27289174316291,HOLD,
NVD.DE,"May 7, 2024, 3:02:00 PM",847.7,847.7,847.7,847.5,20.0,6,2024-05-07 15:02:00,62.27289174316291,HOLD,
NVD.DE,"May 7, 2024, 3:03:00 PM",847.6,847.2,847.6,846.8,24.0,6,2024-05-07 15:03:00,53.06455608119635,HOLD,
NVD.DE,"May 7, 2024, 3:04:00 PM",847.3,847.3,847.4,847.1,23.0,6,2024-05-07 15:04:00,54.54333205972041,HOLD,
NVD.DE,"May 7, 2024, 3:05:00 PM",847.2,846.4,847.3,846.3,32.0,6,2024-05-07 15:05:00,41.575346245315686,HOLD,
NVD.DE,"May 7, 2024, 3:06:00 PM",846.2,846.1,846.2,845.9,33.0,6,2024-05-07 15:06:00,38.241559000658924,HOLD,
NVD.DE,"May 7, 2024, 3:07:00 PM",846.1,846.0,846.2,846.0,17.0,6,2024-05-07 15:07:00,37.14930381397987,HOLD,
NVD.DE,"May 7, 2024, 3:08:00 PM",846.1,846.5,846.6,846.1,18.0,6,2024-05-07 15:08:00,45.68214780307478,HOLD,
NVD.DE,"May 7, 2024, 3:09:00 PM",846.5,846.8,846.9,846.5,29.0,6,2024-05-07 15:09:00,50.14899943672218,HOLD,
NVD.DE,"May 7, 2024, 3:10:00 PM",846.9,846.5,847.0,846.5,23.0,6,2024-05-07 15:10:00,45.9888917936126,HOLD,
NVD.DE,"May 7, 2024, 3:11:00 PM",846.5,846.5,846.5,846.5,12.0,6,2024-05-07 15:11:00,45.9888917936126,HOLD,
NVD.DE,"May 7, 2024, 3:12:00 PM",846.5,846.5,846.6,846.5,7.0,6,2024-05-07 15:12:00,45.9888917936126,HOLD,
NVD.DE,"May 7, 2024, 3:13:00 PM",846.7,846.5,846.7,846.5,10.0,6,2024-05-07 15:13:00,45.9888917936126,HOLD,
NVD.DE,"May 7, 2024, 3:14:00 PM",846.5,846.5,846.5,846.5,20.0,6,2024-05-07 15:14:00,45.988891793612595,HOLD,
NVD.DE,"May 7, 2024, 3:15:00 PM",846.5,846.1,846.5,846.0,19.0,6,2024-05-07 15:15:00,39.0353980207766,HOLD,
NVD.DE,"May 7, 2024, 3:16:00 PM",845.9,846.1,846.1,845.6,26.0,6,2024-05-07 15:16:00,39.0353980207766,HOLD,
NVD.DE,"May 7, 2024, 3:17:00 PM",846.0,846.0,846.1,846.0,5.0,6,2024-05-07 15:17:00,37.328092283365734,HOLD,
NVD.DE,"May 7, 2024, 3:18:00 PM",846.1,845.2,846.1,845.1,36.0,6,2024-05-07 15:18:00,26.95385378271736,HOLD,
NVD.DE,"May 7, 2024, 3:19:00 PM",845.2,845.6,845.7,845.1,25.0,6,2024-05-07 15:19:00,36.6389799536092,HOLD,
NVD.DE,"May 7, 2024, 3:20:00 PM",845.6,845.6,845.7,845.5,27.0,6,2024-05-07 15:20:00,36.6389799536092,HOLD,
NVD.DE,"May 7, 2024, 3:21:00 PM",845.6,845.7,845.7,845.5,26.0,6,2024-05-07 15:21:00,39.082281031145726,HOLD,
NVD.DE,"May 7, 2024, 3:22:00 PM",845.6,844.8,845.8,844.8,36.0,6,2024-05-07 15:22:00,28.284427835595565,HOLD,
NVD.DE,"May 7, 2024, 3:23:00 PM",845.0,845.1,845.2,844.7,25.0,6,2024-05-07 15:23:00,34.8812530964722,HOLD,
NVD.DE,"May 7, 2024, 3:24:00 PM",845.1,845.7,845.7,845.1,26.0,6,2024-05-07 15:24:00,45.84130025430513,HOLD,
NVD.DE,"May 7, 2024, 3:25:00 PM",845.8,845.7,845.8,845.6,19.0,6,2024-05-07 15:25:00,45.84130025430514,HOLD,
NVD.DE,"May 7, 2024, 3:26:00 PM",845.8,845.5,845.8,845.4,29.0,6,2024-05-07 15:26:00,42.92720894336828,HOLD,
NVD.DE,"May 7, 2024, 3:27:00 PM",845.4,845.7,845.7,845.4,19.0,6,2024-05-07 15:27:00,46.65725564086098,HOLD,
NVD.DE,"May 7, 2024, 3:28:00 PM",845.6,846.5,846.5,845.5,37.0,6,2024-05-07 15:28:00,58.57087232580756,HOLD,
NVD.DE,"May 7, 2024, 3:29:00 PM",846.3,846.6,846.9,846.2,27.0,6,2024-05-07 15:29:00,59.805228599226744,HOLD,
NVD.DE,"May 7, 2024, 3:30:00 PM",846.6,846.4,846.6,846.3,34.0,6,2024-05-07 15:30:00,56.12628032657262,HOLD,
NVD.DE,"May 7, 2024, 3:31:00 PM",846.3,846.4,846.5,846.2,27.0,6,2024-05-07 15:31:00,56.12628032657262,HOLD,
NVD.DE,"May 7, 2024, 3:32:00 PM",846.4,846.6,847.1,846.4,24.0,6,2024-05-07 15:32:00,59.16572828241496,HOLD,
NVD.DE,"May 7, 2024, 3:33:00 PM",846.7,846.9,847.0,846.7,20.0,6,2024-05-07 15:33:00,63.35457061933625,HOLD,
NVD.DE,"May 7, 2024, 3:34:00 PM",846.8,847.1,847.3,846.7,31.0,6,2024-05-07 15:34:00,65.9184081315638,HOLD,
NVD.DE,"May 7, 2024, 3:35:00 PM",847.0,847.3,847.4,847.0,26.0,6,2024-05-07 15:35:00,68.35388375430973,HOLD,
NVD.DE,"May 7, 2024, 3:36:00 PM",847.2,847.1,847.4,847.1,23.0,6,2024-05-07 15:36:00,63.37242087351457,HOLD,
NVD.DE,"May 7, 2024, 3:37:00 PM",847.1,846.8,847.1,846.7,19.0,6,2024-05-07 15:37:00,56.569995424135655,HOLD,
NVD.DE,"May 7, 2024, 3:38:00 PM",846.8,846.8,846.9,846.6,15.0,6,2024-05-07 15:38:00,56.569995424135655,HOLD,
NVD.DE,"May 7, 2024, 3:39:00 PM",847.0,846.8,847.0,846.7,27.0,6,2024-05-07 15:39:00,56.56999542413566,HOLD,
NVD.DE,"May 7, 2024, 3:40:00 PM",846.7,846.3,846.7,846.1,28.0,6,2024-05-07 15:40:00,45.69034916212494,HOLD,
